Ticker,Name,Sector,Asset Class
INSM,INSMED INC,Health Care,Equity
FTAI,FTAI AVIATION LTD,Industrials,Equity
SFM,SPROUTS FARMERS MARKET INC,Consumer Staples,Equity
PCVX,VAXCYTE INC,Health Care,Equity
FLR,FLUOR CORP,Industrials,Equity
FN,FABRINET,Information Technology,Equity
ANF,ABERCROMBIE AND FITCH CLASS A,Consumer Discretionary,Equity
ENSG,ENSIGN GROUP INC,Health Care,Equity
MLI,MUELLER INDUSTRIES INC,Industrials,Equity
AIT,APPLIED INDUSTRIAL TECHNOLOGIES IN,Industrials,Equity
UFPI,UFP INDUSTRIES INC,Industrials,Equity
SPSC,SPS COMMERCE INC,Information Technology,Equity
HALO,HALOZYME THERAPEUTICS INC,Health Care,Equity
SSB,SOUTHSTATE CORP,Financials,Equity
SPXC,SPX TECHNOLOGIES INC,Industrials,Equity
CRS,CARPENTER TECHNOLOGY CORP,Materials,Equity
RVMD,REVOLUTION MEDICINES INC,Health Care,Equity
MTH,MERITAGE CORP,Consumer Discretionary,Equity
CVLT,COMMVAULT SYSTEMS INC,Information Technology,Equity
TRNO,TERRENO REALTY REIT CORP,Real Estate,Equity
LNTH,LANTHEUS HOLDINGS INC,Health Care,Equity
TMHC,TAYLOR MORRISON HOME CORP,Consumer Discretionary,Equity
NOVT,NOVANTA INC,Information Technology,Equity
ESNT,ESSENT GROUP LTD,Financials,Equity
CYTK,CYTOKINETICS INC,Health Care,Equity
CMC,COMMERCIAL METALS,Materials,Equity
HQY,HEALTHEQUITY INC,Health Care,Equity
VRNS,VARONIS SYSTEMS INC,Information Technology,Equity
GKOS,GLAUKOS CORP,Health Care,Equity
CHX,CHAMPIONX CORP,Energy,Equity
BPMC,BLUEPRINT MEDICINES CORP,Health Care,Equity
RHP,RYMAN HOSPITALITY PROPERTIES REIT,Real Estate,Equity
CWST,CASELLA WASTE SYSTEMS INC CLASS A,Industrials,Equity
COOP,MR COOPER GROUP INC,Financials,Equity
ONB,OLD NATIONAL BANCORP,Financials,Equity
BMI,BADGER METER INC,Information Technology,Equity
JXN,JACKSON FINANCIAL INC CLASS A,Financials,Equity
LUMN,LUMEN TECHNOLOGIES INC,Communication,Equity
FSS,FEDERAL SIGNAL CORP,Industrials,Equity
NSIT,INSIGHT ENTERPRISES INC,Information Technology,Equity
MOD,MODINE MANUFACTURING,Consumer Discretionary,Equity
EXLS,EXLSERVICE HOLDINGS INC,Industrials,Equity
MOGA,MOOG INC CLASS A,Industrials,Equity
HLNE,HAMILTON LANE INC CLASS A,Financials,Equity
MUR,MURPHY OIL CORP,Energy,Equity
BECN,BEACON ROOFING SUPPLY INC,Industrials,Equity
SIGI,SELECTIVE INSURANCE GROUP INC,Financials,Equity
OPCH,OPTION CARE HEALTH INC,Health Care,Equity
DY,DYCOM INDUSTRIES INC,Industrials,Equity
KRG,KITE REALTY GROUP TRUST REIT,Real Estate,Equity
TMDX,TRANSMEDICS GROUP INC,Health Care,Equity
MMS,MAXIMUS INC,Industrials,Equity
BCPC,BALCHEM CORP,Materials,Equity
KBH,KB HOME,Consumer Discretionary,Equity
SM,SM ENERGY,Energy,Equity
CBT,CABOT CORP,Materials,Equity
EXPO,EXPONENT INC,Industrials,Equity
EPRT,ESSENTIAL PROPERTIES REALTY TRUST,Real Estate,Equity
ALTR,ALTAIR ENGINEERING INC CLASS A,Information Technology,Equity
MMSI,MERIT MEDICAL SYSTEMS INC,Health Care,Equity
BCC,BOISE CASCADE,Industrials,Equity
IBP,INSTALLED BUILDING PRODUCTS INC,Consumer Discretionary,Equity
ACIW,ACI WORLDWIDE INC,Information Technology,Equity
RMBS,RAMBUS INC,Information Technology,Equity
WTS,WATTS WATER TECHNOLOGIES INC CLASS,Industrials,Equity
HOMB,HOME BANCSHARES INC,Financials,Equity
GBCI,GLACIER BANCORP INC,Financials,Equity
TENB,TENABLE HOLDINGS INC,Information Technology,Equity
AVAV,AEROVIRONMENT INC,Industrials,Equity
GATX,GATX CORP,Industrials,Equity
CSWI,CSW INDUSTRIALS INC,Industrials,Equity
SUM,SUMMIT MATERIALS INC CLASS A,Materials,Equity
UBSI,UNITED BANKSHARES INC,Financials,Equity
KRYS,KRYSTAL BIOTECH INC,Health Care,Equity
GTLS,CHART INDUSTRIES INC,Industrials,Equity
POR,PORTLAND GENERAL ELECTRIC,Utilities,Equity
SKY,CHAMPION HOMES INC,Consumer Discretionary,Equity
PIPR,PIPER SANDLER COMPANIES,Financials,Equity
FCFS,FIRSTCASH HOLDINGS INC,Financials,Equity
FFIN,FIRST FINANCIAL BANKSHARES INC,Financials,Equity
ABG,ASBURY AUTOMOTIVE GROUP INC,Consumer Discretionary,Equity
GPI,GROUP AUTOMOTIVE INC,Consumer Discretionary,Equity
QLYS,QUALYS INC,Information Technology,Equity
RNA,AVIDITY BIOSCIENCES INC,Health Care,Equity
CADE,CADENCE BANK,Financials,Equity
VRRM,VERRA MOBILITY CORP CLASS A,Industrials,Equity
BIPC,BROOKFIELD INFRASTRUCTURE CORP CLA,Utilities,Equity
ZWS,ZURN ELKAY WATER SOLUTIONS CORP,Industrials,Equity
BCO,BRINKS,Industrials,Equity
ALKS,ALKERMES,Health Care,Equity
NXT,NEXTRACKER INC CLASS A,Industrials,Equity
MATX,MATSON INC,Industrials,Equity
NE,NOBLE CORPORATION PLC,Energy,Equity
IRT,INDEPENDENCE REALTY INC TRUST,Real Estate,Equity
ITRI,ITRON INC,Information Technology,Equity
FELE,FRANKLIN ELECTRIC INC,Industrials,Equity
UMBF,UMB FINANCIAL CORP,Financials,Equity
NJR,NEW JERSEY RESOURCES CORP,Utilities,Equity
FUL,HB FULLER,Materials,Equity
KNF,KNIFE RIVER CORP,Materials,Equity
RDN,RADIAN GROUP INC,Financials,Equity
QTWO,Q2 HOLDINGS INC,Information Technology,Equity
MGY,MAGNOLIA OIL GAS CORP CLASS A,Energy,Equity
TDW,TIDEWATER INC,Energy,Equity
SWX,SOUTHWEST GAS HOLDINGS INC,Utilities,Equity
PECO,PHILLIPS EDISON AND COMPANY INC,Real Estate,Equity
HWC,HANCOCK WHITNEY CORP,Financials,Equity
MDGL,MADRIGAL PHARMACEUTICALS INC,Health Care,Equity
RUN,SUNRUN INC,Industrials,Equity
AVNT,AVIENT CORP,Materials,Equity
MARA,MARATHON DIGITAL HOLDINGS INC,Information Technology,Equity
SLG,SL GREEN REALTY REIT CORP,Real Estate,Equity
ASGN,ASGN INC,Information Technology,Equity
RDNT,RADNET INC,Health Care,Equity
ESGR,ENSTAR GROUP LTD,Financials,Equity
ACA,ARCOSA INC,Industrials,Equity
SHAK,SHAKE SHACK INC CLASS A,Consumer Discretionary,Equity
BOOT,BOOT BARN HOLDINGS INC,Consumer Discretionary,Equity
STNE,STONECO LTD CLASS A,Financials,Equity
CRNX,CRINETICS PHARMACEUTICALS INC,Health Care,Equity
BDC,BELDEN INC,Information Technology,Equity
ZETA,ZETA GLOBAL HOLDINGS CORP CLASS A,Information Technology,Equity
AEIS,ADVANCED ENERGY INDUSTRIES INC,Information Technology,Equity
ITGR,INTEGER HOLDINGS CORP,Health Care,Equity
WK,WORKIVA INC CLASS A,Information Technology,Equity
CNX,CNX RESOURCES CORP,Energy,Equity
BKH,BLACK HILLS CORP,Utilities,Equity
VAL,VALARIS LTD,Energy,Equity
ADMA,ADMA BIOLOGICS INC,Health Care,Equity
MHO,M I HOMES INC,Consumer Discretionary,Equity
KTB,KONTOOR BRANDS INC,Consumer Discretionary,Equity
ORA,ORMAT TECH INC,Utilities,Equity
SANM,SANMINA CORP,Information Technology,Equity
BOX,BOX INC CLASS A,Information Technology,Equity
NOG,NORTHERN OIL AND GAS INC,Energy,Equity
SBRA,SABRA HEALTH CARE REIT INC,Real Estate,Equity
AEO,AMERICAN EAGLE OUTFITTERS INC,Consumer Discretionary,Equity
WHD,CACTUS INC CLASS A,Energy,Equity
ASO,ACADEMY SPORTS AND OUTDOORS INC,Consumer Discretionary,Equity
SFBS,SERVISFIRST BANCSHARES INC,Financials,Equity
CRDO,CREDO TECHNOLOGY GROUP HOLDING LTD,Information Technology,Equity
TPH,TRI POINTE HOMES INC,Consumer Discretionary,Equity
ENS,ENERSYS,Industrials,Equity
LANC,LANCASTER COLONY CORP,Consumer Staples,Equity
HRI,HERC HOLDINGS INC,Industrials,Equity
GMS,GMS INC,Industrials,Equity
PBF,PBF ENERGY INC CLASS A,Energy,Equity
RIG,TRANSOCEAN LTD,Energy,Equity
ACLS,AXCELIS TECHNOLOGIES INC,Information Technology,Equity
FORM,FORMFACTOR INC,Information Technology,Equity
ABCB,AMERIS BANCORP,Financials,Equity
CTRE,CARETRUST REIT INC,Real Estate,Equity
OGS,ONE GAS INC,Utilities,Equity
ALE,ALLETE INC,Utilities,Equity
DYN,DYNE THERAPEUTICS INC,Health Care,Equity
ASTS,AST SPACEMOBILE INC CLASS A,Communication,Equity
HAE,HAEMONETICS CORP,Health Care,Equity
PI,IMPINJ INC,Information Technology,Equity
TXNM,TXNM ENERGY INC,Utilities,Equity
MC,MOELIS CLASS A,Financials,Equity
POWI,POWER INTEGRATIONS INC,Information Technology,Equity
OTTR,OTTER TAIL CORP,Utilities,Equity
NEOG,NEOGEN CORP,Health Care,Equity
TEX,TEREX CORP,Industrials,Equity
PTEN,PATTERSON UTI ENERGY INC,Energy,Equity
SG,SWEETGREEN INC CLASS A,Consumer Discretionary,Equity
FTDR,FRONTDOOR INC,Consumer Discretionary,Equity
KAI,KADANT INC,Industrials,Equity
CNO,CNO FINANCIAL GROUP INC,Financials,Equity
SEM,SELECT MEDICAL HOLDINGS CORP,Health Care,Equity
KFY,KORN FERRY,Industrials,Equity
OSCR,OSCAR HEALTH INC CLASS A,Financials,Equity
HASI,HA SUSTAINABLE INFRASTRUCTURE CAPI,Financials,Equity
SR,SPIRE INC,Utilities,Equity
VLY,VALLEY NATIONAL,Financials,Equity
ABM,ABM INDUSTRIES INC,Industrials,Equity
AXNX,AXONICS INC,Health Care,Equity
BBIO,BRIDGEBIO PHARMA INC,Health Care,Equity
LRN,STRIDE INC,Consumer Discretionary,Equity
PRMW,PRIMO WATER CORP,Consumer Staples,Equity
STNG,SCORPIO TANKERS INC,Energy,Equity
CRC,CALIFORNIA RESOURCES CORP,Energy,Equity
IDCC,INTERDIGITAL INC,Information Technology,Equity
STRL,STERLING INFRASTRUCTURE INC,Industrials,Equity
ATKR,ATKORE INC,Industrials,Equity
HP,HELMERICH & PAYNE INC,Energy,Equity
AX,AXOS FINANCIAL INC,Financials,Equity
AUR,AURORA INNOVATION INC CLASS A,Information Technology,Equity
WDFC,WD-40,Consumer Staples,Equity
WD,WALKER & DUNLOP INC,Financials,Equity
USD,USD CASH,Cash and/or Derivatives,Cash
IIPR,INNOVATIVE INDUSTRIAL PROPERTIES I,Real Estate,Equity
ICUI,ICU MEDICAL INC,Health Care,Equity
PBH,PRESTIGE CONSUMER HEALTHCARE INC,Health Care,Equity
BNL,BROADSTONE NET LEASE INC,Real Estate,Equity
SDRL,SEADRILL LTD (HAMILTON),Energy,Equity
PLXS,PLEXUS CORP,Information Technology,Equity
RXO,RXO INC,Industrials,Equity
GH,GUARDANT HEALTH INC,Health Care,Equity
LBRT,LIBERTY ENERGY INC CLASS A,Energy,Equity
APLE,APPLE HOSPITALITY REIT INC,Real Estate,Equity
SIG,SIGNET JEWELERS LTD,Consumer Discretionary,Equity
FOLD,AMICUS THERAPEUTICS INC,Health Care,Equity
NSP,INSPERITY INC,Industrials,Equity
CBZ,CBIZ INC,Industrials,Equity
SLAB,SILICON LABORATORIES INC,Information Technology,Equity
IBOC,INTERNATIONAL BANCSHARES CORP,Financials,Equity
ALIT,ALIGHT INC CLASS A,Industrials,Equity
ASB,ASSOCIATED BANCORP,Financials,Equity
CWAN,CLEARWATER ANALYTICS HOLDINGS INC,Information Technology,Equity
MAC,MACERICH REIT,Real Estate,Equity
GLNG,GOLAR LNG LTD,Energy,Equity
PCH,POTLATCHDELTIC CORP,Real Estate,Equity
NWE,NORTHWESTERN ENERGY GROUP INC,Utilities,Equity
CDP,COPT DEFENSE PROPERTIES,Real Estate,Equity
NPO,ENPRO INC,Industrials,Equity
NHI,NATIONAL HEALTH INVESTORS REIT INC,Real Estate,Equity
CCOI,COGENT COMMUNICATIONS HOLDINGS INC,Communication,Equity
CVCO,CAVCO INDUSTRIES INC,Consumer Discretionary,Equity
HL,HECLA MINING,Materials,Equity
BLKB,BLACKBAUD INC,Information Technology,Equity
MWA,MUELLER WATER PRODUCTS INC SERIES,Industrials,Equity
RUSHA,RUSH ENTERPRISES INC CLASS A,Industrials,Equity
SHOO,STEVEN MADDEN LTD,Consumer Discretionary,Equity
EVH,EVOLENT HEALTH INC CLASS A,Health Care,Equity
ESE,ESCO TECHNOLOGIES INC,Industrials,Equity
IDYA,IDEAYA BIOSCIENCES INC,Health Care,Equity
AXSM,AXSOME THERAPEUTICS INC,Health Care,Equity
MGEE,MGE ENERGY INC,Utilities,Equity
GVA,GRANITE CONSTRUCTION INC,Industrials,Equity
TNET,TRINET GROUP INCINARY,Industrials,Equity
NMIH,NMI HOLDINGS INC,Financials,Equity
CWT,CALIFORNIA WATER SERVICE GROUP,Utilities,Equity
BXMT,BLACKSTONE MORTGAGE TRUST REIT CLA,Financials,Equity
BGC,BGC GROUP INC CLASS A,Financials,Equity
UCB,UNITED COMMUNITY BANKS INC,Financials,Equity
AVA,AVISTA CORP,Utilities,Equity
SXT,SENSIENT TECHNOLOGIES CORP,Materials,Equity
PJT,PJT PARTNERS INC CLASS A,Financials,Equity
SKT,TANGER INC,Real Estate,Equity
DIOD,DIODES INC,Information Technology,Equity
EBC,EASTERN BANKSHARES INC,Financials,Equity
AWR,AMERICAN STATES WATER,Utilities,Equity
AROC,ARCHROCK INC,Energy,Equity
SMPL,THE SIMPLY GOOD FOODS COMPANY,Consumer Staples,Equity
HCC,WARRIOR MET COAL INC,Materials,Equity
SITC,SITE CENTERS CORP,Real Estate,Equity
KTOS,KRATOS DEFENSE AND SECURITY SOLUTI,Industrials,Equity
SKYW,SKYWEST INC,Industrials,Equity
BL,BLACKLINE INC,Information Technology,Equity
HIMS,HIMS HERS HEALTH INC CLASS A,Health Care,Equity
EAT,BRINKER INTERNATIONAL INC,Consumer Discretionary,Equity
STEP,STEPSTONE GROUP INC CLASS A,Financials,Equity
SYNA,SYNAPTICS INC,Information Technology,Equity
AUB,ATLANTIC UNION BANKSHARES CORP,Financials,Equity
BHVN,BIOHAVEN LTD,Health Care,Equity
ICFI,ICF INTERNATIONAL INC,Industrials,Equity
CALM,CAL MAINE FOODS INC,Consumer Staples,Equity
TCBI,TEXAS CAPITAL BANCSHARES INC,Financials,Equity
CNK,CINEMARK HOLDINGS INC,Communication,Equity
DNLI,DENALI THERAPEUTICS INC,Health Care,Equity
TGTX,TG THERAPEUTICS INC,Health Care,Equity
ALRM,ALARM.COM HOLDINGS INC,Information Technology,Equity
PRIM,PRIMORIS SERVICES CORP,Industrials,Equity
LCII,LCI INDUSTRIES,Consumer Discretionary,Equity
ALTM,ARCADIUM LITHIUM PLC,Materials,Equity
LXP,LXP INDUSTRIAL TRUST,Real Estate,Equity
XTSLA,BLK CSH FND TREASURY SL AGENCY,Cash and/or Derivatives,Money Market
ATGE,ADTALEM GLOBAL EDUCATION INC,Consumer Discretionary,Equity
FBP,FIRST BANCORP,Financials,Equity
UPST,UPSTART HOLDINGS INC,Financials,Equity
UNF,UNIFIRST CORP,Industrials,Equity
PATK,PATRICK INDUSTRIES INC,Consumer Discretionary,Equity
ATMU,ATMUS FILTRATION TECHNOLOGIES INC,Industrials,Equity
TNDM,TANDEM DIABETES CARE INC,Health Care,Equity
BTU,PEABODY ENERGY CORP,Energy,Equity
JBT,JOHN BEAN TECHNOLOGIES CORP,Industrials,Equity
CORT,CORCEPT THERAPEUTICS INC,Health Care,Equity
ACVA,ACV AUCTIONS INC CLASS A,Industrials,Equity
REZI,RESIDEO TECHNOLOGIES INC,Industrials,Equity
DORM,DORMAN PRODUCTS INC,Consumer Discretionary,Equity
ACLX,ARCELLX INC,Health Care,Equity
BWIN,BALDWIN INSURANCE GROUP INC CLASS,Financials,Equity
CRVL,CORVEL CORP,Health Care,Equity
CBU,COMMUNITY FINANCIAL SYSTEM INC,Financials,Equity
AIN,ALBANY INTERNATIONAL CORP CLASS A,Industrials,Equity
WNS,WNS HOLDINGS LTD,Industrials,Equity
SLVM,SYLVAMO CORP,Materials,Equity
RRR,RED ROCK RESORTS ORS CLASS A INC,Consumer Discretionary,Equity
FULT,FULTON FINANCIAL CORP,Financials,Equity
OII,OCEANEERING INTERNATIONAL INC,Energy,Equity
WSFS,WSFS FINANCIAL CORP,Financials,Equity
CEIX,CONSOL ENERGY INC,Energy,Equity
FL,FOOT LOCKER INC,Consumer Discretionary,Equity
PFSI,PENNYMAC FINANCIAL SERVICES INC,Financials,Equity
SQSP,SQUARESPACE INC CLASS A,Information Technology,Equity
PAGS,PAGSEGURO DIGITAL LTD CLASS A,Financials,Equity
ARWR,ARROWHEAD PHARMACEUTICALS INC,Health Care,Equity
HGV,HILTON GRAND VACATIONS INC,Consumer Discretionary,Equity
IOVA,IOVANCE BIOTHERAPEUTICS INC,Health Care,Equity
BUR,BURFORD CAPITAL LTD,Financials,Equity
IOSP,INNOSPEC INC,Materials,Equity
CCS,CENTURY COMMUNITIES INC,Consumer Discretionary,Equity
HUBG,HUB GROUP INC CLASS A,Industrials,Equity
ROAD,CONSTRUCTION PARTNERS INC CLASS A,Industrials,Equity
ENV,ENVESTNET INC,Information Technology,Equity
PRCT,PROCEPT BIOROBOTICS CORP,Health Care,Equity
NYCB,NEW YORK COMMUNITY BANCORP INC,Financials,Equity
VC,VISTEON CORP,Consumer Discretionary,Equity
MQ,MARQETA INC CLASS A,Financials,Equity
TRN,TRINITY INDUSTRIES INC,Industrials,Equity
NARI,INARI MEDICAL INC,Health Care,Equity
JJSF,J AND J SNACK FOODS CORP,Consumer Staples,Equity
PRFT,PERFICIENT INC,Information Technology,Equity
TWST,TWIST BIOSCIENCE CORP,Health Care,Equity
CATY,CATHAY GENERAL BANCORP,Financials,Equity
AMR,ALPHA METALLURGICAL RESOURCE INC,Materials,Equity
ARCB,ARCBEST CORP,Industrials,Equity
VSH,VISHAY INTERTECHNOLOGY INC,Information Technology,Equity
SITM,SITIME CORP,Information Technology,Equity
GHC,GRAHAM HOLDINGS COMPANY CLASS B,Consumer Discretionary,Equity
GERN,GERON CORP,Health Care,Equity
RYTM,RHYTHM PHARMACEUTICALS INC,Health Care,Equity
URBN,URBAN OUTFITTERS INC,Consumer Discretionary,Equity
MGRC,MCGRATH RENT,Industrials,Equity
AGIO,AGIOS PHARMACEUTICALS INC,Health Care,Equity
APAM,ARTISAN PARTNERS ASSET MANAGEMENT,Financials,Equity
FCPT,FOUR CORNERS PROPERTY INC TRUST,Real Estate,Equity
CLSK,CLEANSPARK INC,Information Technology,Equity
LIVN,LIVANOVA PLC,Health Care,Equity
YOU,CLEAR SECURE INC CLASS A,Information Technology,Equity
VCYT,VERACYTE INC,Health Care,Equity
PTCT,PTC THERAPEUTICS INC,Health Care,Equity
CARG,CARGURUS INC CLASS A,Communication,Equity
MYGN,MYRIAD GENETICS INC,Health Care,Equity
CPK,CHESAPEAKE UTILITIES CORP,Utilities,Equity
PLUS,EPLUS,Information Technology,Equity
GNW,GENWORTH FINANCIAL INC,Financials,Equity
SWTX,SPRINGWORKS THERAPEUTICS INC,Health Care,Equity
IGT,INTERNATIONAL GAME TECHNOLOGY PLC,Consumer Discretionary,Equity
GFF,GRIFFON CORP,Industrials,Equity
HNI,HNI CORP,Industrials,Equity
UE,URBAN EDGE PROPERTIES,Real Estate,Equity
TGNA,TEGNA INC,Communication,Equity
PRGS,PROGRESS SOFTWARE CORP,Information Technology,Equity
CNS,COHEN & STEERS INC,Financials,Equity
PRK,PARK NATIONAL CORP,Financials,Equity
SFNC,SIMMONS FIRST NATIONAL CORP CLASS,Financials,Equity
AGYS,AGILYSYS INC,Information Technology,Equity
DOCN,DIGITALOCEAN HOLDINGS INC,Information Technology,Equity
GT,GOODYEAR TIRE & RUBBER,Consumer Discretionary,Equity
MTX,MINERALS TECHNOLOGIES INC,Materials,Equity
BKU,BANKUNITED INC,Financials,Equity
KLIC,KULICKE AND SOFFA INDUSTRIES INC,Information Technology,Equity
PTGX,PROTAGONIST THERAPEUTICS INC,Health Care,Equity
FIBK,FIRST INTERSTATE BANCSYSTEM INC,Financials,Equity
BE,BLOOM ENERGY CLASS A CORP,Industrials,Equity
PLMR,PALOMAR HOLDINGS INC,Financials,Equity
WERN,WERNER ENTERPRISES INC,Industrials,Equity
HI,HILLENBRAND INC,Industrials,Equity
OUT,OUTFRONT MEDIA INC,Real Estate,Equity
OSIS,OSI SYSTEMS INC,Information Technology,Equity
WAFD,WAFD INC,Financials,Equity
RPD,RAPID7 INC,Information Technology,Equity
TOWN,TOWNEBANK,Financials,Equity
MTRN,MATERION CORP,Materials,Equity
CDE,COEUR MINING INC,Materials,Equity
KOS,KOSMOS ENERGY LTD,Energy,Equity
UFPT,UFP TECHNOLOGIES INC,Health Care,Equity
SMTC,SEMTECH CORP,Information Technology,Equity
INDB,INDEPENDENT BANK CORP,Financials,Equity
FRSH,FRESHWORKS INC CLASS A,Information Technology,Equity
HWKN,HAWKINS INC,Materials,Equity
IPAR,INTER PARFUMS INC,Consumer Staples,Equity
CPRX,CATALYST PHARMACEUTICALS INC,Health Care,Equity
NUVL,NUVALENT INC CLASS A,Health Care,Equity
SGRY,SURGERY PARTNERS INC,Health Care,Equity
TBBK,BANCORP INC,Financials,Equity
AZZ,AZZ INC,Industrials,Equity
CVBF,CVB FINANCIAL CORP,Financials,Equity
VSTO,VISTA OUTDOOR INC,Consumer Discretionary,Equity
SNEX,STONEX GROUP INC,Financials,Equity
AKR,ACADIA REALTY TRUST REIT,Real Estate,Equity
MORF,MORPHIC HOLDING INC,Health Care,Equity
KWR,QUAKER CHEMICAL CORP,Materials,Equity
HBI,HANESBRANDS INC,Consumer Discretionary,Equity
BOH,BANK OF HAWAII CORP,Financials,Equity
VCEL,VERICEL CORP,Health Care,Equity
YELP,YELP INC,Communication,Equity
MRCY,MERCURY SYSTEMS INC,Industrials,Equity
BRZE,BRAZE INC CLASS A,Information Technology,Equity
FLYW,FLYWIRE CORP,Financials,Equity
FRME,FIRST MERCHANTS CORP,Financials,Equity
VCTR,VICTORY CAPITAL HOLDINGS CLASS A I,Financials,Equity
AIR,AAR CORP,Industrials,Equity
HTLF,HEARTLAND FINANCIAL USA INC,Financials,Equity
GRBK,GREEN BRICK PARTNERS INC,Consumer Discretionary,Equity
NTLA,INTELLIA THERAPEUTICS INC,Health Care,Equity
ENVA,ENOVA INTERNATIONAL INC,Financials,Equity
FFBC,FIRST FINANCIAL BANCORP,Financials,Equity
EVTC,EVERTEC INC,Financials,Equity
EPAC,ENERPAC TOOL GROUP CORP CLASS A,Industrials,Equity
ARCH,ARCH RESOURCES INC CLASS A,Materials,Equity
CALX,CALIX NETWORKS INC,Information Technology,Equity
SATS,ECHOSTAR CORP CLASS A,Communication,Equity
BANF,BANCFIRST CORP,Financials,Equity
VECO,VEECO INSTRUMENTS INC,Information Technology,Equity
STRA,STRATEGIC EDUCATION INC,Consumer Discretionary,Equity
PPBI,PACIFIC PREMIER BANCORP INC,Financials,Equity
PSMT,PRICESMART INC,Consumer Staples,Equity
AI,C3 AI INC CLASS A,Information Technology,Equity
LGIH,LGI HOMES INC,Consumer Discretionary,Equity
CLDX,CELLDEX THERAPEUTICS INC,Health Care,Equity
SBCF,SEACOAST BANKING OF FLORIDA,Financials,Equity
VSAT,VIASAT INC,Information Technology,Equity
MIR,MIRION TECHNOLOGIES INC CLASS A,Information Technology,Equity
JOE,ST JOE,Real Estate,Equity
MLKN,MILLERKNOLL INC,Industrials,Equity
ENR,ENERGIZER HOLDINGS INC,Consumer Staples,Equity
SHO,SUNSTONE HOTEL INVESTORS REIT INC,Real Estate,Equity
RIOT,RIOT PLATFORMS INC,Information Technology,Equity
EQC,EQUITY COMMONWEALTH REIT,Real Estate,Equity
JOBY,JOBY AVIATION INC CLASS A,Industrials,Equity
CSTM,CONSTELLIUM SE CLASS A,Materials,Equity
PFS,PROVIDENT FINANCIAL SERVICES INC,Financials,Equity
IRTC,IRHYTHM TECHNOLOGIES INC,Health Care,Equity
RELY,REMITLY GLOBAL INC,Financials,Equity
BATRK,ATLANTA BRAVES HOLDINGS INC SERIES,Communication,Equity
PHIN,PHINIA INC,Consumer Discretionary,Equity
NATL,NCR ATLEOS CORP,Financials,Equity
CNMD,CONMED CORP,Health Care,Equity
CABO,CABLE ONE INC,Communication,Equity
VRNT,VERINT SYSTEMS INC,Information Technology,Equity
NEO,NEOGENOMICS INC,Health Care,Equity
INSW,INTERNATIONAL SEAWAYS INC,Energy,Equity
ASTH,ASTRANA HEALTH INC,Health Care,Equity
LAUR,LAUREATE EDUCATION INC,Consumer Discretionary,Equity
ADUS,ADDUS HOMECARE CORP,Health Care,Equity
PDCO,PATTERSON COMPANIES INC,Health Care,Equity
KMT,KENNAMETAL INC,Industrials,Equity
RKLB,ROCKET LAB USA INC,Industrials,Equity
ADNT,ADIENT PLC,Consumer Discretionary,Equity
ABR,ARBOR REALTY TRUST REIT INC,Financials,Equity
GSHD,GOOSEHEAD INSURANCE INC CLASS A,Financials,Equity
ROCK,GIBRALTAR INDUSTRIES INC,Industrials,Equity
VGR,VECTOR GROUP LTD,Consumer Staples,Equity
VERX,VERTEX INC CLASS A,Information Technology,Equity
TDS,TELEPHONE AND DATA SYSTEMS INC,Communication,Equity
NVCR,NOVOCURE LTD,Health Care,Equity
XPRO,EXPRO GROUP HOLDINGS NV,Energy,Equity
ROG,ROGERS CORP,Information Technology,Equity
MBC,MASTERBRAND INC,Industrials,Equity
PRVA,PRIVIA HEALTH GROUP INC,Health Care,Equity
IBTX,INDEPENDENT BANK GROUP INC,Financials,Equity
NSSC,NAPCO SECURITY TECHNOLOGIES INC,Information Technology,Equity
SXI,STANDEX INTERNATIONAL CORP,Industrials,Equity
ZD,ZIFF DAVIS INC,Communication,Equity
AMN,AMN HEALTHCARE INC,Health Care,Equity
KYMR,KYMERA THERAPEUTICS INC,Health Care,Equity
OMCL,OMNICELL INC,Health Care,Equity
DBRG,DIGITALBRIDGE GROUP INC CLASS A,Real Estate,Equity
IVT,INVENTRUST PROPERTIES CORP,Real Estate,Equity
GOLF,ACUSHNET HOLDINGS CORP,Consumer Discretionary,Equity
NBTB,NBT BANCORP INC,Financials,Equity
UEC,URANIUM ENERGY CORP,Energy,Equity
OFG,OFG BANCORP,Financials,Equity
OI,O I GLASS INC,Materials,Equity
ROIC,RETAIL OPPORTUNITY INVESTMENTS REI,Real Estate,Equity
VSCO,VICTORIA S SECRET,Consumer Discretionary,Equity
THS,TREEHOUSE FOODS INC,Consumer Staples,Equity
EPC,EDGEWELL PERSONAL CARE,Consumer Staples,Equity
BEAM,BEAM THERAPEUTICS INC,Health Care,Equity
BANC,BANC OF CALIFORNIA INC,Financials,Equity
FUN,SIX FLAGS ENTERTAINMENT CORP,Consumer Discretionary,Equity
TTMI,TTM TECHNOLOGIES INC,Information Technology,Equity
KAR,OPENLANE INC,Industrials,Equity
EFSC,ENTERPRISE FINANCIAL SERVICES CORP,Financials,Equity
TFIN,TRIUMPH FINANCIAL INC,Financials,Equity
VYX,NCR VOYIX CORP,Information Technology,Equity
SJW,SJW GROUP,Utilities,Equity
EXTR,EXTREME NETWORKS INC,Information Technology,Equity
GPOR,GULFPORT ENERGY CORP,Energy,Equity
HURN,HURON CONSULTING GROUP INC,Industrials,Equity
PRG,PROG HOLDINGS INC,Financials,Equity
ACAD,ACADIA PHARMACEUTICALS INC,Health Care,Equity
HLMN,HILLMAN SOLUTIONS CORP,Industrials,Equity
LZB,LA-Z-BOY INC,Consumer Discretionary,Equity
STR,SITIO ROYALTIES CORP CLASS A,Energy,Equity
WSBC,WESBANCO INC,Financials,Equity
NMRK,NEWMARK GROUP INC CLASS A,Real Estate,Equity
CAKE,CHEESECAKE FACTORY INC,Consumer Discretionary,Equity
IMVT,IMMUNOVANT INC,Health Care,Equity
STAA,STAAR SURGICAL,Health Care,Equity
AMBA,AMBARELLA INC,Information Technology,Equity
B,BARNES GROUP INC,Industrials,Equity
NVAX,NOVAVAX INC,Health Care,Equity
LGND,LIGAND PHARMACEUTICALS INC,Health Care,Equity
VIAV,VIAVI SOLUTIONS INC,Information Technology,Equity
TNC,TENNANT,Industrials,Equity
ALG,ALAMO GROUP INC,Industrials,Equity
PRKS,UNITED PARKS AND RESORTS INC,Consumer Discretionary,Equity
TALO,TALOS ENERGY INC,Energy,Equity
DFIN,DONNELLEY FINANCIAL SOLUTIONS INC,Financials,Equity
PAR,PAR TECHNOLOGY CORP,Information Technology,Equity
FOXF,FOX FACTORY HOLDING CORP,Consumer Discretionary,Equity
DRH,DIAMONDROCK HOSPITALITY REIT,Real Estate,Equity
UCTT,ULTRA CLEAN HOLDINGS INC,Information Technology,Equity
PGNY,PROGYNY INC,Health Care,Equity
COMP,COMPASS INC CLASS A,Real Estate,Equity
AMPH,AMPHASTAR PHARMACEUTICALS INC,Health Care,Equity
PD,PAGERDUTY INC,Information Technology,Equity
NTB,BANK OF NT BUTTERFIELD & SON LTD,Financials,Equity
AGM,FEDERAL AGRICULTURAL MORTGAGE NON,Financials,Equity
DRS,LEONARDO DRS INC,Industrials,Equity
RXST,RXSIGHT INC,Health Care,Equity
TRMK,TRUSTMARK CORP,Financials,Equity
CENTA,CENTRAL GARDEN AND PET CLASS A,Consumer Staples,Equity
SUPN,SUPERNUS PHARMACEUTICALS INC,Health Care,Equity
MYRG,MYR GROUP INC,Industrials,Equity
NNI,NELNET INC CLASS A,Financials,Equity
WLY,JOHN WILEY AND SONS INC CLASS A,Communication,Equity
UPBD,UPBOUND GROUP INC,Consumer Discretionary,Equity
TROX,TRONOX HOLDINGS PLC,Materials,Equity
LMAT,LEMAITRE VASCULAR INC,Health Care,Equity
WGO,WINNEBAGO INDUSTRIES INC,Consumer Discretionary,Equity
BANR,BANNER CORP,Financials,Equity
STC,STEWART INFO SERVICES CORP,Financials,Equity
RNST,RENASANT CORP,Financials,Equity
MODG,TOPGOLF CALLAWAY BRANDS CORP,Consumer Discretionary,Equity
CWK,CUSHMAN AND WAKEFIELD PLC,Real Estate,Equity
KNTK,KINETIK HOLDINGS INC CLASS A,Energy,Equity
FBK,FB FINANCIAL CORP,Financials,Equity
NHC,NATIONAL HEALTHCARE CORP,Health Care,Equity
CORZ,CORE SCIENTIFIC INC,Information Technology,Equity
APGE,APOGEE THERAPEUTICS INC,Health Care,Equity
MCY,MERCURY GENERAL CORP,Financials,Equity
AKRO,AKERO THERAPEUTICS INC,Health Care,Equity
ANDE,ANDERSONS INC,Consumer Staples,Equity
SNDX,SYNDAX PHARMACEUTICALS INC,Health Care,Equity
GEO,GEO GROUP REIT INC,Industrials,Equity
ARVN,ARVINAS INC,Health Care,Equity
SPT,SPROUT SOCIAL INC CLASS A,Information Technology,Equity
GNL,GLOBAL NET LEASE INC,Real Estate,Equity
FCF,FIRST COMMONWEALTH FINANCIAL CORP,Financials,Equity
WKC,WORLD KINECT,Energy,Equity
MIRM,MIRUM PHARMACEUTICALS INC,Health Care,Equity
GEF,GREIF INC CLASS A,Materials,Equity
THRM,GENTHERM INC,Consumer Discretionary,Equity
CRGY,CRESCENT ENERGY CLASS A,Energy,Equity
CHCO,CITY HOLDING,Financials,Equity
PAYO,PAYONEER GLOBAL INC,Financials,Equity
LKFN,LAKELAND FINANCIAL CORP,Financials,Equity
NWBI,NORTHWEST BANCSHARES INC,Financials,Equity
OSW,ONESPAWORLD HOLDINGS LTD,Consumer Discretionary,Equity
ENVX,ENOVIX CORP,Industrials,Equity
KN,KNOWLES CORP,Information Technology,Equity
SCL,STEPAN,Materials,Equity
CASH,PATHWARD FINANCIAL INC,Financials,Equity
BORR,BORR DRILLING LTD,Energy,Equity
PEB,PEBBLEBROOK HOTEL TRUST REIT,Real Estate,Equity
BLBD,BLUE BIRD CORP,Industrials,Equity
MGNI,MAGNITE INC,Communication,Equity
BCRX,BIOCRYST PHARMACEUTICALS INC,Health Care,Equity
INTA,INTAPP INC,Information Technology,Equity
LTC,LTC PROPERTIES REIT INC,Real Estate,Equity
CMPR,CIMPRESS PLC,Industrials,Equity
POWL,POWELL INDUSTRIES INC,Industrials,Equity
ELME,ELME,Real Estate,Equity
FBNC,FIRST BANCORP,Financials,Equity
BHE,BENCHMARK ELECTRONICS INC,Information Technology,Equity
REVG,REV GROUP INC,Industrials,Equity
RAMP,LIVERAMP HOLDINGS INC,Information Technology,Equity
HLX,HELIX ENERGY SOLUTIONS GROUP INC,Energy,Equity
HLIT,HARMONIC INC,Information Technology,Equity
PZZA,PAPA JOHNS INTERNATIONAL INC,Consumer Discretionary,Equity
HTH,HILLTOP HOLDINGS INC,Financials,Equity
GTY,GETTY REALTY REIT CORP,Real Estate,Equity
HE,HAWAIIAN ELECTRIC INDUSTRIES INC,Utilities,Equity
AMWD,AMERICAN WOODMARK CORP,Industrials,Equity
SYBT,STOCK YARDS BANCORP INC,Financials,Equity
ARI,APOLLO COMMERCIAL REAL ESTATE FINA,Financials,Equity
JBI,JANUS INTERNATIONAL GROUP INC,Industrials,Equity
DHT,DHT HOLDINGS INC,Energy,Equity
AGL,AGILON HEALTH,Health Care,Equity
TRUP,TRUPANION INC,Financials,Equity
HEES,H AND E EQUIPMENT SERVICES INC,Industrials,Equity
DVAX,DYNAVAX TECHNOLOGIES CORP,Health Care,Equity
MSGE,MADISON SQUARE GARDEN ENTERTAINMEN,Communication,Equity
NWN,NORTHWEST NATURAL HOLDING COMPANY,Utilities,Equity
SPNT,SIRIUSPOINT LTD,Financials,Equity
IART,INTEGRA LIFESCIENCES HOLDINGS CORP,Health Care,Equity
VRTS,VIRTUS INVESTMENT PARTNERS INC,Financials,Equity
CODI,COMPASS DIVERSIFIED,Financials,Equity
DO,DIAMOND OFFSHORE DRILLING INC,Energy,Equity
PLAB,PHOTRONICS INC,Information Technology,Equity
IONQ,IONQ INC,Information Technology,Equity
GOGL,GOLDEN OCEAN GROUP LTD,Industrials,Equity
IESC,IES INC,Industrials,Equity
ALKT,ALKAMI TECHNOLOGY INC,Information Technology,Equity
CSGS,CSG SYSTEMS INTERNATIONAL INC,Industrials,Equity
LOB,LIVE OAK BANCSHARES INC,Financials,Equity
ALEX,ALEXANDER AND BALDWIN INC,Real Estate,Equity
VERA,VERA THERAPEUTICS INC CLASS A,Health Care,Equity
LADR,LADDER CAPITAL CORP CLASS A,Financials,Equity
SONO,SONOS INC,Consumer Discretionary,Equity
AVDX,AVIDXCHANGE HOLDINGS INC,Financials,Equity
APOG,APOGEE ENTERPRISES INC,Industrials,Equity
STBA,S AND T BANCORP INC,Financials,Equity
RLJ,RLJ LODGING TRUST REIT,Real Estate,Equity
RC,READY CAPITAL CORP,Financials,Equity
AVDL,AVADEL PHARMACEUTICALS ORD,Health Care,Equity
JBLU,JETBLUE AIRWAYS CORP,Industrials,Equity
DEI,DOUGLAS EMMETT REIT INC,Real Estate,Equity
SKWD,SKYWARD SPECIALTY INSURANCE GROUP,Financials,Equity
HLIO,HELIOS TECHNOLOGIES INC,Industrials,Equity
CXW,CORECIVIC REIT INC,Industrials,Equity
CAL,CALERES INC,Consumer Discretionary,Equity
BUSE,FIRST BUSEY CORP,Financials,Equity
JBGS,JBG SMITH PROPERTIES,Real Estate,Equity
TCBK,TRICO BANCSHARES,Financials,Equity
CTS,CTS CORP,Information Technology,Equity
CUBI,CUSTOMERS BANCORP INC,Financials,Equity
AVPT,AVEPOINT INC CLASS A,Information Technology,Equity
GBX,GREENBRIER INC,Industrials,Equity
AMC,AMC ENTERTAINMENT HOLDINGS INC CLA,Communication,Equity
DAN,DANA INCORPORATED INC,Consumer Discretionary,Equity
ASPN,ASPEN AEROGELS INC,Materials,Equity
KURA,KURA ONCOLOGY INC,Health Care,Equity
PRM,PERIMETER SOLUTIONS SA,Materials,Equity
CDNA,CAREDX INC,Health Care,Equity
WT,WISDOMTREE INC,Financials,Equity
SOUN,SOUNDHOUND AI INC CLASS A,Information Technology,Equity
WOR,WORTHINGTON ENTERPRISES INC,Consumer Discretionary,Equity
ESRT,EMPIRE STATE REALTY REIT INC TRUST,Real Estate,Equity
TWO,TWO HARBORS INVESTMENT CORP,Financials,Equity
HOPE,HOPE BANCORP INC,Financials,Equity
XHR,XENIA HOTELS RESORTS REIT INC,Real Estate,Equity
LTH,LIFE TIME GROUP HOLDINGS INC,Consumer Discretionary,Equity
RXRX,RECURSION PHARMACEUTICALS INC CLAS,Health Care,Equity
DK,DELEK US HOLDINGS INC,Energy,Equity
DNOW,DNOW INC,Industrials,Equity
BLMN,BLOOMIN BRANDS INC,Consumer Discretionary,Equity
PRDO,PERDOCEO EDUCATION CORP,Consumer Discretionary,Equity
TNK,TEEKAY TANKERS LTD CLASS A,Energy,Equity
NTCT,NETSCOUT SYSTEMS INC,Information Technology,Equity
EWTX,EDGEWISE THERAPEUTICS INC,Health Care,Equity
MNKD,MANNKIND CORP,Health Care,Equity
AESI,ATLAS ENERGY SOLUTIONS INC,Energy,Equity
PARR,PAR PACIFIC HOLDINGS INC,Energy,Equity
ARDX,ARDELYX INC,Health Care,Equity
NVEE,NV5 GLOBAL INC,Industrials,Equity
KROS,KEROS THERAPEUTICS INC,Health Care,Equity
JAMF,JAMF HOLDING CORP,Information Technology,Equity
PWSC,POWERSCHOOL HOLDINGS INC CLASS A,Information Technology,Equity
TGLS,TECNOGLASS INC,Industrials,Equity
NRIX,NURIX THERAPEUTICS INC,Health Care,Equity
CHEF,CHEFS WAREHOUSE INC,Consumer Staples,Equity
PLUG,PLUG POWER INC,Industrials,Equity
BFH,BREAD FINANCIAL HOLDINGS INC,Financials,Equity
BKD,BROOKDALE SENIOR LIVING INC,Health Care,Equity
OXM,OXFORD INDUSTRIES INC,Consumer Discretionary,Equity
DEA,EASTERLY GOVERNMENT PROPERTIES INC,Real Estate,Equity
SBH,SALLY BEAUTY HOLDINGS INC,Consumer Discretionary,Equity
SASR,SANDY SPRING BANCORP INC,Financials,Equity
SFL,SFL LTD,Energy,Equity
NAVI,NAVIENT CORP,Financials,Equity
LNN,LINDSAY CORP,Industrials,Equity
ADEA,ADEIA INC,Information Technology,Equity
OCUL,OCULAR THERAPEUTIX INC,Health Care,Equity
LPG,DORIAN LPG LTD,Energy,Equity
BKE,BUCKLE INC,Consumer Discretionary,Equity
SAFE,SAFEHOLD INC,Real Estate,Equity
VRE,VERIS RESIDENTIAL INC,Real Estate,Equity
NGVT,INGEVITY CORP,Materials,Equity
LILAK,LIBERTY LATIN AMERICA LTD CLASS C,Communication,Equity
UVV,UNIVERSAL CORP,Consumer Staples,Equity
NBHC,NATIONAL BANK HOLDINGS CORP CLASS,Financials,Equity
STEL,STELLAR BANCORP INC,Financials,Equity
SCSC,SCANSOURCE INC,Information Technology,Equity
AMRX,AMNEAL PHARMACEUTICALS INC CLASS A,Health Care,Equity
AIV,APARTMENT INVESTMENT AND MANAGEMEN,Real Estate,Equity
INMD,INMODE LTD,Health Care,Equity
MGPI,MGP INGREDIENTS INC,Consumer Staples,Equity
LC,LENDINGCLUB CORP,Financials,Equity
SCS,STEELCASE INC CLASS A,Industrials,Equity
PHR,PHREESIA INC,Health Care,Equity
APPN,APPIAN CORP CLASS A,Information Technology,Equity
MFA,MFA FINANCIAL INC,Financials,Equity
JELD,JELD WEN HOLDING INC,Industrials,Equity
QCRH,QCR HOLDINGS INC,Financials,Equity
HMN,HORACE MANN EDUCATORS CORP,Financials,Equity
NIC,NICOLET BANKSHARES INC,Financials,Equity
AAT,AMERICAN ASSETS TRUST REIT INC,Real Estate,Equity
SPHR,SPHERE ENTERTAINMENT CLASS A,Communication,Equity
UPWK,UPWORK INC,Industrials,Equity
VSEC,VSE CORP,Industrials,Equity
AHR,AMERICAN HEALTHCARE REIT INC,Real Estate,Equity
USPH,US PHYSICAL THERAPY INC,Health Care,Equity
RCKT,ROCKET PHARMACEUTICALS INC,Health Care,Equity
WRBY,WARBY PARKER INC CLASS A,Consumer Discretionary,Equity
WABC,WESTAMERICA BANCORPORATION,Financials,Equity
HELE,HELEN OF TROY LTD,Consumer Discretionary,Equity
OMI,OWENS & MINOR INC,Health Care,Equity
UMH,UMH PROPERTIES INC,Real Estate,Equity
PMT,PENNYMAC MORTGAGE INVESTMENT TRUST,Financials,Equity
KFRC,KFORCE INC,Industrials,Equity
NX,QUANEX BUILDING PRODUCTS CORP,Industrials,Equity
SAFT,SAFETY INSURANCE GROUP INC,Financials,Equity
TDOC,TELADOC HEALTH INC,Health Care,Equity
KW,KENNEDY WILSON HOLDINGS INC,Real Estate,Equity
ECPG,ENCORE CAPITAL GROUP INC,Financials,Equity
COHU,COHU INC,Information Technology,Equity
CIM,CHIMERA INVESTMENT CORP,Financials,Equity
HROW,HARROW INC,Health Care,Equity
DOLE,DOLE PLC,Consumer Staples,Equity
XRX,XEROX HOLDINGS CORP,Information Technology,Equity
NTST,NETSTREIT CORP,Real Estate,Equity
SPNS,SAPIENS INTERNATIONAL NV,Information Technology,Equity
JANX,JANUX THERAPEUTICS INC,Health Care,Equity
INFN,INFINERA CORP,Information Technology,Equity
CARS,CARS.COM INC,Communication,Equity
PDM,PIEDMONT OFFICE REALTY TRUST REIT,Real Estate,Equity
ARLO,ARLO TECHNOLOGIES INC,Information Technology,Equity
COLL,COLLEGIUM PHARMACEUTICAL INC,Health Care,Equity
COUR,COURSERA INC,Consumer Discretionary,Equity
SAVA,CASSAVA SCIENCES INC,Health Care,Equity
GABC,GERMAN AMERICAN BANCORP INC,Financials,Equity
SDGR,SCHRODINGER INC,Health Care,Equity
CNNE,CANNAE HOLDINGS INC,Financials,Equity
SRCE,1ST SOURCE CORP,Financials,Equity
ATRC,ATRICURE INC,Health Care,Equity
SABR,SABRE CORP,Consumer Discretionary,Equity
ZUO,ZUORA INC CLASS A,Information Technology,Equity
LBPH,LONGBOARD PHARMACEUTICALS INC,Health Care,Equity
KALU,KAISER ALUMINIUM CORP,Materials,Equity
ANIP,ANI PHARMACEUTICALS INC,Health Care,Equity
OPEN,OPENDOOR TECHNOLOGIES INC,Real Estate,Equity
MTTR,MATTERPORT INC CLASS A,Information Technology,Equity
XPEL,XPEL INC,Consumer Discretionary,Equity
SLNO,SOLENO THERAPEUTICS INC,Health Care,Equity
PEBO,PEOPLES BANCORP INC,Financials,Equity
WMK,WEIS MARKETS INC,Consumer Staples,Equity
CSR,CENTERSPACE,Real Estate,Equity
ACT,ENACT HOLDINGS INC,Financials,Equity
UTZ,UTZ BRANDS INC CLASS A,Consumer Staples,Equity
PWP,PERELLA WEINBERG PARTNERS CLASS A,Financials,Equity
NG,NOVAGOLD RESOURCES INC,Materials,Equity
VBTX,VERITEX HOLDINGS INC,Financials,Equity
SGH,SMART GLOBAL HOLDINGS,Information Technology,Equity
IMKTA,INGLES MARKETS INC CLASS A,Consumer Staples,Equity
JACK,JACK IN THE BOX INC,Consumer Discretionary,Equity
WS,WORTHINGTON STEEL INC,Materials,Equity
KLG,WK KELLOGG,Consumer Staples,Equity
PTON,PELOTON INTERACTIVE CLASS A INC,Consumer Discretionary,Equity
MRC,MRC GLOBAL INC,Industrials,Equity
PLAY,DAVE AND BUSTERS ENTERTAINMENT INC,Consumer Discretionary,Equity
EFC,ELLINGTON FINANCIAL INC,Financials,Equity
CRAI,CRA INTERNATIONAL INC,Industrials,Equity
ASAN,ASANA INC CLASS A,Information Technology,Equity
FIZZ,NATIONAL BEVERAGE CORP,Consumer Staples,Equity
WINA,WINMARK CORP,Consumer Discretionary,Equity
HRMY,HARMONY BIOSCIENCES HLDG INC,Health Care,Equity
VTLE,VITAL ENERGY INC,Energy,Equity
SILK,SILK ROAD MEDICAL INC,Health Care,Equity
FLNC,FLUENCE ENERGY INC CLASS A,Industrials,Equity
MSEX,MIDDLESEX WATER,Utilities,Equity
ICHR,ICHOR HOLDINGS LTD,Information Technology,Equity
FBRT,FRANKLIN BSP REALTY TRUST INC,Financials,Equity
AVNS,AVANOS MEDICAL INC,Health Care,Equity
SMMT,SUMMIT THERAPEUTICS INC,Health Care,Equity
GIII,G III APPAREL GROUP LTD,Consumer Discretionary,Equity
AHCO,ADAPTHEALTH CORP,Health Care,Equity
INVA,INNOVIVA INC,Health Care,Equity
TRNS,TRANSCAT INC,Industrials,Equity
ACMR,ACM RESEARCH CLASS A INC,Information Technology,Equity
DBD,DIEBOLD NIXDORF INC,Information Technology,Equity
MEG,MONTROSE ENVIRONMENTAL GRP INC,Industrials,Equity
DGII,DIGI INTERNATIONAL INC,Information Technology,Equity
FBMS,FIRST BANCSHARES INC,Financials,Equity
EVRI,EVERI HOLDINGS INC,Consumer Discretionary,Equity
WWW,WOLVERINE WORLD WIDE INC,Consumer Discretionary,Equity
NXRT,NEXPOINT RESIDENTIAL TRUST INC,Real Estate,Equity
PDFS,PDF SOLUTIONS INC,Information Technology,Equity
EIG,EMPLOYERS HOLDINGS INC,Financials,Equity
EXPI,EXP WORLD HOLDINGS INC,Real Estate,Equity
WTTR,SELECT WATER SOLUTIONS INC CLASS A,Energy,Equity
TILE,INTERFACE INC,Industrials,Equity
ARR,ARMOUR RESIDENTIAL REIT INC,Financials,Equity
SSRM,SSR MINING INC,Materials,Equity
COCO,THE VITA COCO COMPANY INC,Consumer Staples,Equity
PLYM,PLYMOUTH INDUSTRIAL REIT INC,Real Estate,Equity
OEC,ORION SA,Materials,Equity
AORT,ARTIVION INC,Health Care,Equity
VITL,VITAL FARMS INC,Consumer Staples,Equity
MXL,MAXLINEAR INC,Information Technology,Equity
ARRY,ARRAY TECHNOLOGIES INC,Industrials,Equity
VZIO,VIZIO HOLDING CORP CLASS A,Consumer Discretionary,Equity
NMRA,NEUMORA THERAPEUTICS INC,Health Care,Equity
TARS,TARSUS PHARMACEUTICALS INC,Health Care,Equity
KNSA,KINIKSA PHARMACEUTICALS INTERNATIO,Health Care,Equity
THR,THERMON GROUP HOLDINGS INC,Industrials,Equity
ODP,ODP CORP,Consumer Discretionary,Equity
PACS,PACS GROUP INC,Health Care,Equity
HOV,HOVNANIAN ENTERPRISES INC CLASS A,Consumer Discretionary,Equity
UNIT,UNITI GROUP INC,Real Estate,Equity
RWT,REDWOOD TRUST REIT INC,Financials,Equity
CRK,COMSTOCK RESOURCES INC,Energy,Equity
MRTN,MARTEN TRANSPORT LTD,Industrials,Equity
MATV,MATIV HOLDINGS INC,Materials,Equity
OCFC,OCEANFIRST FINANCIAL CORP,Financials,Equity
AMSF,AMERISAFE INC,Financials,Equity
MCRI,MONARCH CASINO AND RESORT INC,Consumer Discretionary,Equity
ERII,ENERGY RECOVERY INC,Industrials,Equity
TRS,TRIMAS CORP,Materials,Equity
OBK,ORIGIN BANCORP INC,Financials,Equity
FMBH,FIRST MID BANCSHARES INC,Financials,Equity
FIP,FTAI INFRASTRUCTURE INC,Industrials,Equity
XNCR,XENCOR INC,Health Care,Equity
SBSI,SOUTHSIDE BANCSHARES INC,Financials,Equity
PRAX,PRAXIS PRECISION MEDICINES INC,Health Care,Equity
HUT,HUT 8 CORP,Information Technology,Equity
BLND,BLEND LABS INC CLASS A,Information Technology,Equity
CMCO,COLUMBUS MCKINNON CORP,Industrials,Equity
CBRL,CRACKER BARREL OLD COUNTRY STORE I,Consumer Discretionary,Equity
BHLB,BERKSHIRE HILLS BANCORP INC,Financials,Equity
VRDN,VIRIDIAN THERAPEUTICS ORS INC,Health Care,Equity
DNUT,KRISPY KREME INC,Consumer Discretionary,Equity
QNST,QUINSTREET INC,Communication,Equity
VTOL,BRISTOW GROUP INC,Energy,Equity
FDP,FRESH DEL MONTE PRODUCE INC,Consumer Staples,Equity
DLX,DELUXE CORP,Industrials,Equity
CXM,SPRINKLR INC CLASS A,Information Technology,Equity
GPRE,GREEN PLAINS INC,Energy,Equity
SYRE,SPYRE THERAPEUTICS INC,Health Care,Equity
PFC,PREMIER FINANCIAL CORP,Financials,Equity
RVLV,REVOLVE GROUP CLASS A INC,Consumer Discretionary,Equity
CLB,CORE LABORATORIES INC,Energy,Equity
NABL,N ABLE INC,Information Technology,Equity
PNTG,PENNANT GROUP INC,Health Care,Equity
BLFS,BIOLIFE SOLUTIONS INC,Health Care,Equity
ATEN,A10 NETWORKS INC,Information Technology,Equity
PRAA,PRA GROUP INC,Financials,Equity
SSTK,SHUTTERSTOCK INC,Communication,Equity
CVI,CVR ENERGY INC,Energy,Equity
CWH,CAMPING WORLD HOLDINGS INC CLASS A,Consumer Discretionary,Equity
GSAT,GLOBALSTAR VOTING INC,Communication,Equity
UTL,UNITIL CORP,Utilities,Equity
BBSI,BARRETT BUSINESS SERVICES INC,Industrials,Equity
SHLS,SHOALS TECHNOLOGIES GROUP INC CLAS,Industrials,Equity
NOVA,SUNNOVA ENERGY INTERNATIONAL INC,Utilities,Equity
FA,FIRST ADVANTAGE CORP,Industrials,Equity
BY,BYLINE BANCORP INC,Financials,Equity
MMI,MARCUS & MILLICHAP INC,Real Estate,Equity
TPC,TUTOR PERINI CORP,Industrials,Equity
AMRC,AMERESCO INC CLASS A,Industrials,Equity
FIHL,FIDELIS INSURANCE HOLDINGS LTD,Financials,Equity
ARQT,ARCUTIS BIOTHERAPEUTICS INC,Health Care,Equity
WNC,WABASH NATIONAL CORP,Industrials,Equity
AGX,ARGAN INC,Industrials,Equity
DCO,DUCOMMUN INC,Industrials,Equity
CDRE,CADRE HOLDINGS INC,Industrials,Equity
RDFN,REDFIN CORP,Real Estate,Equity
PRTA,PROTHENA PLC,Health Care,Equity
PGRE,PARAMOUNT GROUP REIT INC,Real Estate,Equity
MRVI,MARAVAI LIFESCIENCES HOLDINGS INC,Health Care,Equity
TGI,TRIUMPH GROUP INC,Industrials,Equity
AOSL,ALPHA AND OMEGA SEMICONDUCTOR LTD,Information Technology,Equity
ACHR,ARCHER AVIATION INC CLASS A,Industrials,Equity
BDN,BRANDYWINE REALTY TRUST REIT,Real Estate,Equity
PRO,PROS HOLDINGS INC,Information Technology,Equity
NVRI,ENVIRI CORP,Industrials,Equity
AMK,ASSETMARK FINANCIAL HOLDINGS INC,Financials,Equity
BLX,BANCO LATINOAMERICANO DE COMERCIO,Financials,Equity
SAH,SONIC AUTOMOTIVE INC CLASS A,Consumer Discretionary,Equity
GBTG,GLOBAL BUSINESS TRAVEL GROUP INC C,Consumer Discretionary,Equity
LMND,LEMONADE INC,Financials,Equity
CNOB,CONNECTONE BANCORP INC,Financials,Equity
MD,PEDIATRIX MEDICAL GROUP INC,Health Care,Equity
VICR,VICOR CORP,Industrials,Equity
JBSS,JOHN B SANFILIPPO AND SON INC,Consumer Staples,Equity
BZH,BEAZER HOMES INC,Consumer Discretionary,Equity
IMAX,IMAX CORP,Communication,Equity
RCUS,ARCUS BIOSCIENCES INC,Health Care,Equity
EYE,NATIONAL VISION HOLDINGS INC,Consumer Discretionary,Equity
ALHC,ALIGNMENT HEALTHCARE INC,Health Care,Equity
BXC,BLUELINX HOLDINGS INC,Industrials,Equity
BFC,BANK FIRST CORP,Financials,Equity
HLF,HERBALIFE NUTRITION LTD,Consumer Staples,Equity
EMBC,EMBECTA CORP,Health Care,Equity
CECO,CECO ENVIRONMENTAL CORP,Industrials,Equity
HA,HAWAIIAN HOLDINGS INC,Industrials,Equity
CFB,CROSSFIRST BANKSHARES INC,Financials,Equity
WULF,TERAWULF INC,Information Technology,Equity
ELVN,ENLIVEN THERAPEUTICS INC,Health Care,Equity
BRKL,BROOKLINE BANCORP INC,Financials,Equity
ASC,ARDMORE SHIPPING CORP,Energy,Equity
UVSP,UNIVEST FINANCIAL CORP,Financials,Equity
CNXN,PC CONNECTION INC,Information Technology,Equity
DCOM,DIME COMMUNITY BANCSHARES INC,Financials,Equity
DRVN,DRIVEN BRANDS HOLDINGS INC,Industrials,Equity
PETQ,PETIQ INC CLASS A,Health Care,Equity
BHRB,BURKE HERBERT FINANCIAL SERVICES T,Financials,Equity
CTBI,COMMUNITY TRUST BANCORP INC,Financials,Equity
USLM,UNITED STATES LIME AND MINERALS IN,Materials,Equity
DX,DYNEX CAPITAL REIT INC,Financials,Equity
FSLY,FASTLY INC CLASS A,Information Technology,Equity
DFH,DREAM FINDERS HOMES INC CLASS A,Consumer Discretionary,Equity
LGFB,LIONS GATE ENTERTAINMENT NON VOTIN,Communication,Equity
GRC,GORMAN-RUPP,Industrials,Equity
CGON,CG ONCOLOGY INC,Health Care,Equity
MNRO,MONRO INC,Consumer Discretionary,Equity
HCI,HCI GROUP INC,Financials,Equity
AUPH,AURINIA PHARMACEUTICALS INC,Health Care,Equity
ATSG,AIR TRANSPORT SERVICES GROUP INC,Industrials,Equity
IRON,DISC MEDICINE INC,Health Care,Equity
COGT,COGENT BIOSCIENCES INC,Health Care,Equity
LQDA,LIQUIDIA CORP,Health Care,Equity
UNFI,UNITED NATURAL FOODS INC,Consumer Staples,Equity
SCVL,SHOE CARNIVAL INC,Consumer Discretionary,Equity
BRSP,BRIGHTSPIRE CAPITAL INC CLASS A,Financials,Equity
PBI,PITNEY BOWES INC,Industrials,Equity
ECVT,ECOVYST INC,Materials,Equity
NBR,NABORS INDUSTRIES LTD,Energy,Equity
IAS,INTEGRAL AD SCIENCE HOLDING CORP,Communication,Equity
COMM,COMMSCOPE HOLDING INC,Information Technology,Equity
GDYN,GRID DYNAMICS HOLDINGS INC CLASS A,Information Technology,Equity
FLNG,FLEX LNG LTD,Energy,Equity
MATW,MATTHEWS INTERNATIONAL CORP CLASS,Industrials,Equity
RPAY,REPAY HOLDINGS CORP CLASS A,Financials,Equity
LZ,LEGALZOOM COM INC,Industrials,Equity
HCSG,HEALTHCARE SERVICES GROUP INC,Industrials,Equity
KOP,KOPPERS HOLDINGS INC,Materials,Equity
VIR,VIR BIOTECHNOLOGY INC,Health Care,Equity
ASIX,ADVANSIX INC,Materials,Equity
TMP,TOMPKINS FINANCIAL CORP,Financials,Equity
NBBK,NB BANCORP INC,Financials,Equity
GNK,GENCO SHIPPING AND TRADING LTD,Industrials,Equity
HSII,HEIDRICK AND STRUGGLES INTERNATION,Industrials,Equity
PUMP,PROPETRO HOLDING CORP,Energy,Equity
MBWM,MERCANTILE BANK CORP,Financials,Equity
AHH,ARMADA HOFFLER PROPERTIES REIT INC,Real Estate,Equity
PRLB,PROTO LABS INC,Industrials,Equity
OSBC,OLD SECOND BANCORP INC,Financials,Equity
ASTE,ASTEC INDUSTRIES INC,Industrials,Equity
VMEO,VIMEO INC,Communication,Equity
MBIN,MERCHANTS BANCORP,Financials,Equity
UUUU,ENERGY FUELS INC,Energy,Equity
SCHL,SCHOLASTIC CORP,Communication,Equity
EOLS,EVOLUS INC,Health Care,Equity
SVC,SERVICE PROPERTIES TRUST,Real Estate,Equity
DAWN,DAY ONE BIOPHARMACEUTICALS INC,Health Care,Equity
XMTR,XOMETRY INC CLASS A,Industrials,Equity
SXC,SUNCOKE ENERGY INC,Materials,Equity
MDXG,MIMEDX GROUP INC,Health Care,Equity
ETWO,E2OPEN PARENT HOLDINGS INC CLASS A,Information Technology,Equity
HAYN,HAYNES INTERNATIONAL INC,Materials,Equity
IBCP,INDEPENDENT BANK CORP,Financials,Equity
SOC,SABLE OFFSHORE CORP CLASS A,Energy,Equity
FG,F&G ANNUITIES AND LIFE INC,Financials,Equity
AXL,AMERICAN AXLE AND MANUFACTURING HO,Consumer Discretionary,Equity
AMSC,AMERICAN SUPERCONDUCTOR CORP,Industrials,Equity
SMR,NUSCALE POWER CORP CLASS A,Industrials,Equity
FDMT,4D MOLECULAR THERAPEUTICS INC,Health Care,Equity
SPTN,SPARTANNASH,Consumer Staples,Equity
PAX,PATRIA INVESTMENTS LTD CLASS A,Financials,Equity
NAT,NORDIC AMERICAN TANKERS LTD,Energy,Equity
FCBC,FIRST COMMUNITY BANKSHARES INC,Financials,Equity
IMNM,IMMUNOME INC,Health Care,Equity
PSFE,PAYSAFE LTD,Financials,Equity
CENX,CENTURY ALUMINUM,Materials,Equity
SWI,SOLARWINDS CORP,Information Technology,Equity
UDMY,UDEMY INC,Consumer Discretionary,Equity
CFFN,CAPITOL FEDERAL FINANCIAL INC,Financials,Equity
PCT,PURECYCLE TECHNOLOGIES INC,Materials,Equity
DNTH,DIANTHUS THERAPEUTICS INC,Health Care,Equity
REX,REX AMERICAN RESOURCES CORP,Energy,Equity
BSIG,BRIGHTSPHERE INVESTMENT GROUP INC,Financials,Equity
RSI,RUSH STREET INTERACTIVE INC CLASS,Consumer Discretionary,Equity
PLRX,PLIANT THERAPEUTICS INC,Health Care,Equity
ETD,ETHAN ALLEN INTERIORS INC,Consumer Discretionary,Equity
DHC,DIVERSIFIED HEALTHCARE TRUST,Real Estate,Equity
INN,SUMMIT HOTEL PROPERTIES REIT INC,Real Estate,Equity
BELFB,BEL FUSE INC CLASS B,Information Technology,Equity
CSTL,CASTLE BIOSCIENCES INC,Health Care,Equity
CMTG,CLAROS MORTGAGE TRUST INC,Financials,Equity
BASE,COUCHBASE INC,Information Technology,Equity
HBNC,HORIZON BANCORP INC,Financials,Equity
HY,HYSTER YALE INC CLASS A,Industrials,Equity
MBUU,MALIBU BOATS CLASS A INC,Consumer Discretionary,Equity
MTUS,METALLUS INC,Materials,Equity
FIGS,FIGS INC CLASS A,Consumer Discretionary,Equity
ORRF,ORRSTOWN FINANCIAL SERVICES INC,Financials,Equity
LFST,LIFESTANCE HEALTH GROUP INC,Health Care,Equity
SHEN,SHENANDOAH TELECOMMUNICATIONS,Communication,Equity
UTI,UNIVERSAL TECHNICAL INSTITUTE INC,Consumer Discretionary,Equity
EGY,VAALCO ENERGY INC,Energy,Equity
RGR,STURM RUGER INC,Consumer Discretionary,Equity
CHPT,CHARGEPOINT HOLDINGS INC CLASS A,Industrials,Equity
FWRD,FORWARD AIR CORP,Industrials,Equity
TTGT,TECHTARGET INC,Communication,Equity
WSR,WHITESTONE REIT,Real Estate,Equity
HSTM,HEALTHSTREAM INC,Health Care,Equity
RVNC,REVANCE THERAPEUTICS INC,Health Care,Equity
HFWA,HERITAGE FINANCIAL CORP,Financials,Equity
SWBI,SMITH WESSON BRANDS INC,Consumer Discretionary,Equity
KELYA,KELLY SERVICES INC CLASS A,Industrials,Equity
GCI,GANNETT CO INC,Communication,Equity
DESP,DESPEGAR COM CORP,Consumer Discretionary,Equity
VVI,VIAD CORP,Industrials,Equity
AMTB,AMERANT BANCORP INC CLASS A,Financials,Equity
SPRY,ARS PHARMACEUTICALS INC,Health Care,Equity
BV,BRIGHTVIEW HOLDINGS INC,Industrials,Equity
HPP,HUDSON PACIFIC PROPERTIES REIT INC,Real Estate,Equity
ORIC,ORIC PHARMACEUTICALS INC,Health Care,Equity
CDMO,AVID BIOSERVICES INC,Health Care,Equity
SANA,SANA BIOTECHNOLOGY INC,Health Care,Equity
HTBK,HERITAGE COMMERCE CORP,Financials,Equity
CIFR,CIPHER MINING INC,Information Technology,Equity
RLAY,RELAY THERAPEUTICS INC,Health Care,Equity
ETNB,89BIO INC,Health Care,Equity
MLAB,MESA LABORATORIES INC,Health Care,Equity
CATX,PERSPECTIVE THERAPEUTICS INC,Health Care,Equity
TPB,TURNING POINT BRANDS INC,Consumer Staples,Equity
HZO,MARINEMAX INC,Consumer Discretionary,Equity
CTKB,CYTEK BIOSCIENCES INC,Health Care,Equity
AMPL,AMPLITUDE INC CLASS A,Information Technology,Equity
CGEM,CULLINAN THERAPEUTICS INC,Health Care,Equity
BGS,B AND G FOODS INC,Consumer Staples,Equity
SMP,STANDARD MOTOR PRODUCTS INC,Consumer Discretionary,Equity
NR,NEWPARK RESOURCES INC,Energy,Equity
INDI,INDIE SEMICONDUCTOR INC CLASS A,Information Technology,Equity
BTSG,BRIGHTSPRING HEALTH SERVICES INC,Health Care,Equity
KREF,KKR REAL ESTATE FINANCE INC TRUST,Financials,Equity
ATEC,ALPHATEC HOLDNGS INC,Health Care,Equity
SRRK,SCHOLAR ROCK HOLDING CORP,Health Care,Equity
ANAB,ANAPTYSBIO INC,Health Care,Equity
TVTX,TRAVERE THERAPEUTICS INC,Health Care,Equity
PRA,PROASSURANCE CORP,Financials,Equity
ALGT,ALLEGIANT TRAVEL,Industrials,Equity
PTLO,PORTILLO S INC CLASS A,Consumer Discretionary,Equity
IE,IVANHOE ELECTRIC INC,Materials,Equity
CBL,CBL ASSOCIATES PROPERTIES INC,Real Estate,Equity
MLR,MILLER INDUSTRIES INC,Industrials,Equity
VTS,VITESSE ENERGY INC,Energy,Equity
MCW,MISTER CAR WASH INC,Consumer Discretionary,Equity
ATRI,ATRION CORP,Health Care,Equity
IRWD,IRONWOOD PHARMA INC CLASS A,Health Care,Equity
CYH,COMMUNITY HEALTH SYSTEMS INC,Health Care,Equity
CMRE,COSTAMARE INC,Industrials,Equity
CHUY,CHUYS HOLDINGS INC,Consumer Discretionary,Equity
PLOW,DOUGLAS DYNAMICS INC,Industrials,Equity
DJCO,DAILY JOURNAL CORP,Information Technology,Equity
DXPE,DXP ENTERPRISES INC,Industrials,Equity
AMRK,A MARK PRECIOUS METALS INC,Consumer Discretionary,Equity
HCKT,HACKETT GROUP INC,Information Technology,Equity
HAIN,HAIN CELESTIAL GROUP INC,Consumer Staples,Equity
LMB,LIMBACH HOLDINGS INC,Industrials,Equity
FULC,FULCRUM THERAPEUTICS INC,Health Care,Equity
CASS,CASS INFORMATION SYSTEMS INC,Financials,Equity
MTAL,METALS ACQUISITION LTD,Materials,Equity
PCRX,PACIRA BIOSCIENCES INC,Health Care,Equity
AMAL,AMALGAMATED FINANCIAL,Financials,Equity
CCB,COASTAL FINANCIAL CORP,Financials,Equity
PFBC,PREFERRED BANK,Financials,Equity
DEC,DIVERSIFIED ENERGY COMPANY PLC,Energy,Equity
GDEN,GOLDEN ENTERTAINMENT INC,Consumer Discretionary,Equity
IIIN,INSTEEL INDUSTRIES INC,Industrials,Equity
GOOD,GLADSTONE COMMERCIAL REIT CORP,Real Estate,Equity
ARHS,ARHAUS INC CLASS A,Consumer Discretionary,Equity
EQBK,EQUITY BANCSHARES INC CLASS A,Financials,Equity
EU,ENCORE ENERGY CORP,Energy,Equity
OSPN,ONESPAN INC,Information Technology,Equity
ZYME,ZYMEWORKS INC,Health Care,Equity
NYMT,NEW YORK MORTGAGE TRUST REIT INC,Financials,Equity
VVX,V2X INC,Industrials,Equity
GLDD,GREAT LAKES DREDGE AND DOCK CORP,Industrials,Equity
ZIP,ZIPRECRUITER INC CLASS A,Communication,Equity
CAC,CAMDEN NATIONAL CORP,Financials,Equity
PUBM,PUBMATIC INC CLASS A,Communication,Equity
REAX,REAL BROKERAGE INC,Real Estate,Equity
GMRE,GLOBAL MEDICAL REIT INC,Real Estate,Equity
MLNK,MERIDIANLINK INC,Information Technology,Equity
WASH,WASHINGTON TRUST BANCORP INC,Financials,Equity
DAKT,DAKTRONICS INC,Information Technology,Equity
STGW,STAGWELL INC CLASS A,Communication,Equity
NN,NEXTNAV INC,Information Technology,Equity
EVER,EVERQUOTE INC CLASS A,Communication,Equity
BJRI,BJS RESTAURANTS INC,Consumer Discretionary,Equity
ADPT,ADAPTIVE BIOTECHNOLOGIES CORP,Health Care,Equity
SIBN,SI BONE INC,Health Care,Equity
RYI,RYERSON HOLDING CORP,Materials,Equity
BMBL,BUMBLE INC CLASS A,Communication,Equity
APLT,APPLIED THERAPEUTICS INC,Health Care,Equity
SLP,SIMULATIONS PLUS INC,Health Care,Equity
EGBN,EAGLE BANCORP INC,Financials,Equity
RGNX,REGENXBIO INC,Health Care,Equity
EBF,ENNIS INC,Industrials,Equity
HTLD,HEARTLAND EXPRESS INC,Industrials,Equity
LESL,LESLIES INC,Consumer Discretionary,Equity
BBUC,BROOKFIELD BUSINESS CORP CLASS A,Industrials,Equity
ATRO,ASTRONICS CORP,Industrials,Equity
THFF,FIRST FINANCIAL CORPORATION INDIAN,Financials,Equity
STKL,SUNOPTA INC,Consumer Staples,Equity
OLO,OLO INC CLASS A,Information Technology,Equity
FOR,FORESTAR GROUP INC,Real Estate,Equity
ACEL,ACCEL ENTERTAINMENT INC CLASS A,Consumer Discretionary,Equity
CRBP,CORBUS PHARMACEUTICALS HOLDINGS IN,Health Care,Equity
IBRX,IMMUNITYBIO INC,Health Care,Equity
IDT,IDT CORP CLASS B,Communication,Equity
BFST,BUSINESS FIRST BANCSHARES INC,Financials,Equity
IMXI,INTERNATIONAL MONEY EXPRESS INC,Financials,Equity
THRY,THRYV HOLDINGS INC,Communication,Equity
UHT,UNIVERSAL HEALTH REALTY INCOME TRU,Real Estate,Equity
MCBS,METROCITY BANKSHARES INC,Financials,Equity
NEXT,NEXTDECADE CORP,Energy,Equity
TRST,TRUSTCO BANK CORP,Financials,Equity
CEVA,CEVA INC,Information Technology,Equity
FMNB,FARMERS NATIONAL BANC CORP,Financials,Equity
LPRO,OPEN LENDING CORP,Financials,Equity
SRDX,SURMODICS INC,Health Care,Equity
HUMA,HUMACYTE INC,Health Care,Equity
OFIX,ORTHOFIX MEDICAL INC,Health Care,Equity
CLNE,CLEAN ENERGY FUELS CORP,Energy,Equity
CNDT,CONDUENT INC,Industrials,Equity
HTBI,HOMETRUST BANCSHARES INC,Financials,Equity
SMBC,SOUTHERN MISSOURI BANCORP INC,Financials,Equity
RES,RPC INC,Energy,Equity
YEXT,YEXT INC,Information Technology,Equity
LAB,STANDARD BIOTOOLS INC,Health Care,Equity
CPF,CENTRAL PACIFIC FINANCIAL CORP,Financials,Equity
RBCAA,REPUBLIC BANCORP INC CLASS A,Financials,Equity
CLW,CLEARWATER PAPER CORP,Materials,Equity
ARKO,ARKO,Consumer Discretionary,Equity
ABUS,ARBUTUS BIOPHARMA CORP,Health Care,Equity
URGN,UROGEN PHARMA LTD,Health Care,Equity
CCNE,CNB FINANCIAL CORP,Financials,Equity
LASR,NLIGHT INC,Information Technology,Equity
GCT,GIGACLOUD TECHNOLOGY INC CLASS A,Consumer Discretionary,Equity
GSBC,GREAT SOUTHERN BANCORP INC,Financials,Equity
OPK,OPKO HEALTH INC,Health Care,Equity
LEU,CENTRUS ENERGY CORP CLASS A,Energy,Equity
BRY,BERRY,Energy,Equity
STER,STERLING CHECK CORP,Industrials,Equity
CCO,CLEAR CHANNEL OUTDOOR HOLDINGS INC,Communication,Equity
TREE,LENDINGTREE INC,Financials,Equity
NFBK,NORTHFIELD BANCORP INC,Financials,Equity
MYE,MYERS INDUSTRIES INC,Materials,Equity
INST,INSTRUCTURE HOLDINGS INC,Information Technology,Equity
LGFA,LIONS GATE ENTERTAINMENT VOTING CO,Communication,Equity
MCB,METROPOLITAN BANK HOLDING CORP,Financials,Equity
REPL,REPLIMUNE GROUP INC,Health Care,Equity
UVE,UNIVERSAL INSURANCE HOLDINGS INC,Financials,Equity
NUS,NU SKIN ENTERPRISES INC CLASS A,Consumer Staples,Equity
AMBC,AMBAC FINANCIAL GROUP INC,Financials,Equity
HONE,HARBORONE BANCORP INC,Financials,Equity
DRQ,DRIL QUIP INC,Energy,Equity
IIIV,I3 VERTICALS INC CLASS A,Financials,Equity
SEMR,SEMRUSH HOLDINGS INC CLASS A,Information Technology,Equity
STOK,STOKE THERAPEUTICS INC,Health Care,Equity
ATXS,ASTRIA THERAPEUTICS INC,Health Care,Equity
ANNX,ANNEXON INC,Health Care,Equity
BATRA,ATLANTA BRAVES HOLDINGS INC SERIES,Communication,Equity
BHB,BAR HARBOR BANKSHARES,Financials,Equity
KGS,KODIAK GAS SERVICES INC,Energy,Equity
TRTX,TPG RE FINANCE TRUST INC,Financials,Equity
NUVB,NUVATION BIO INC CLASS A,Health Care,Equity
DIN,DINE BRANDS GLOBAL INC,Consumer Discretionary,Equity
FWRG,FIRST WATCH RESTAURANT GROUP INC,Consumer Discretionary,Equity
NBN,NORTHEAST BANK,Financials,Equity
LQDT,LIQUIDITY SERVICES INC,Industrials,Equity
PGY,PAGAYA TECHNOLOGIES LTD CLASS A,Information Technology,Equity
FLGT,FULGENT GENETICS INC,Health Care,Equity
YORW,YORK WATER,Utilities,Equity
OLMA,OLEMA PHARMACEUTICALS INC,Health Care,Equity
SLQT,SELECTQUOTE INC,Financials,Equity
CLBK,COLUMBIA FINANCIAL INC,Financials,Equity
PGC,PEAPACK GLADSTONE FINANCIAL CORP,Financials,Equity
CHCT,COMMUNITY HEALTHCARE TRUST INC,Real Estate,Equity
CCRN,CROSS COUNTRY HEALTHCARE INC,Health Care,Equity
CLFD,CLEARFIELD INC,Information Technology,Equity
BYON,BEYOND INC,Consumer Discretionary,Equity
KALV,KALVISTA PHARMACEUTICALS INC,Health Care,Equity
ATEX,ANTERIX INC,Communication,Equity
VREX,VAREX IMAGING CORP,Health Care,Equity
TIPT,TIPTREE INC,Financials,Equity
HOUS,ANYWHERE REAL ESTATE INC,Real Estate,Equity
NRDS,NERDWALLET INC CLASS A,Financials,Equity
AMBP,ARDAGH METAL PACKAGING SA,Materials,Equity
GCMG,GCM GROSVENOR INC CLASS A,Financials,Equity
SMBK,SMARTFINANCIAL INC,Financials,Equity
ACCO,ACCO BRANDS CORP,Industrials,Equity
ALX,ALEXANDERS REIT INC,Real Estate,Equity
RYAM,RAYONIER ADVANCED MATERIALS INC,Materials,Equity
FSBC,FIVE STAR BANCORP,Financials,Equity
SGHC,SUPER GROUP LTD,Consumer Discretionary,Equity
ZIMV,ZIMVIE INC,Health Care,Equity
NCMI,NATIONAL CINEMEDIA INC,Communication,Equity
ZEUS,OLYMPIC STEEL INC,Materials,Equity
AROW,ARROW FINANCIAL CORP,Financials,Equity
DHIL,DIAMOND HILL INVESTMENT GROUP INC,Financials,Equity
INOD,INNODATA INC,Industrials,Equity
GOGO,GOGO INC,Communication,Equity
ARCT,ARCTURUS THERAPEUTICS HOLDINGS INC,Health Care,Equity
HAFC,HANMI FINANCIAL CORP,Financials,Equity
MNMD,MIND MEDICINE SUBORDINATE VOTING I,Health Care,Equity
AVXL,ANAVEX LIFE SCIENCES CORP,Health Care,Equity
EVLV,EVOLV TECHNOLOGIES HOLDINGS INC CL,Information Technology,Equity
AXGN,AXOGEN INC,Health Care,Equity
MSBI,MIDLAND STATES BANCORP INC,Financials,Equity
PACB,PACIFIC BIOSCIENCES OF CALIFORNIA,Health Care,Equity
WRLD,WORLD ACCEPTANCE CORP,Financials,Equity
CCBG,CAPITAL CITY BANK INC,Financials,Equity
ORC,ORCHID ISLAND CAPITAL INC,Financials,Equity
WLDN,WILLDAN GROUP INC,Industrials,Equity
AVO,MISSION PRODUCE INC,Consumer Staples,Equity
IVR,INVESCO MORTGAGE CAPITAL REIT INC,Financials,Equity
ZUMZ,ZUMIEZ INC,Consumer Discretionary,Equity
PTVE,PACTIV EVERGREEN INC,Materials,Equity
PKST,PEAKSTONE REALTY TRUST CLASS E,Real Estate,Equity
TYRA,TYRA BIOSCIENCES INC,Health Care,Equity
NTGR,NETGEAR INC,Information Technology,Equity
ALT,ALTIMMUNE INC,Health Care,Equity
YMAB,Y MABS THERAPEUTICS INC,Health Care,Equity
NLOP,NET LEASE OFFICE PROPERTIES,Real Estate,Equity
KIDS,ORTHOPEDIATRICS CORP,Health Care,Equity
SIGA,SIGA TECHNOLOGIES INC,Health Care,Equity
WVE,WAVE LIFE SCIENCES LTD,Health Care,Equity
SAGE,SAGE THERAPEUTICS INC,Health Care,Equity
SHYF,SHYFT GROUP INC,Industrials,Equity
TNGX,TANGO THERAPEUTICS INC,Health Care,Equity
AGS,PLAYAGS INC,Consumer Discretionary,Equity
TK,TEEKAY CORP,Energy,Equity
LAND,GLADSTONE LAND REIT CORP,Real Estate,Equity
MPB,MID PENN BANCORP INC,Financials,Equity
PHAT,PHATHOM PHARMACEUTICALS INC,Health Care,Equity
BFS,SAUL CENTERS REIT INC,Real Estate,Equity
ARIS,ARIS WATER SOLUTIONS INC CLASS A,Industrials,Equity
HTZ,HERTZ GLOBAL HLDGS INC,Industrials,Equity
UFCS,UNITED FIRE GROUP INC,Financials,Equity
TWKS,THOUGHTWORKS HOLDING INC,Information Technology,Equity
MOFG,MIDWESTONE FINANCIAL GROUP INC,Financials,Equity
SVRA,SAVARA INC,Health Care,Equity
AIOT,POWERFLEET INC,Information Technology,Equity
USNA,USANA HEALTH SCIENCES INC,Consumer Staples,Equity
FPI,FARMLAND PARTNERS INC,Real Estate,Equity
WEAV,WEAVE COMMUNICATIONS INC,Information Technology,Equity
SPFI,SOUTH PLAINS FINANCIAL INC,Financials,Equity
CVLG,COVENANT LOGISTICS GROUP INC CLASS,Industrials,Equity
MAX,MEDIAALPHA INC CLASS A,Communication,Equity
CTO,CTO REALTY GROWTH INC,Real Estate,Equity
GIC,GLOBAL INDUSTRIAL,Industrials,Equity
SHBI,SHORE BANCSHARES INC,Financials,Equity
MXCT,MAXCYTE INC,Health Care,Equity
FC,FRANKLIN COVEY,Industrials,Equity
GDOT,GREEN DOT CORP CLASS A,Financials,Equity
RBB,RBB BANCORP,Financials,Equity
KIND,NEXTDOOR HOLDINGS INC CLASS A,Communication,Equity
ALEC,ALECTOR INC,Health Care,Equity
SD,SANDRIDGE ENERGY INC,Energy,Equity
SBGI,SINCLAIR INC CLASS A,Communication,Equity
KE,KIMBALL ELECTRONICS INC,Information Technology,Equity
CENT,CENTRAL GARDEN AND PET,Consumer Staples,Equity
ADTN,ADTRAN HOLDINGS INC,Information Technology,Equity
HVT,HAVERTY FURNITURE COMPANIES INC,Consumer Discretionary,Equity
EHAB,ENHABIT INC,Health Care,Equity
CSV,CARRIAGE SERVICES INC,Consumer Discretionary,Equity
BIGC,BIGCOMMERCE HOLDINGS INC SERIES,Information Technology,Equity
LXU,LSB INDUSTRIES INC,Materials,Equity
OLP,ONE LIBERTY PROPERTIES REIT INC,Real Estate,Equity
ROOT,ROOT INC CLASS A,Financials,Equity
CTLP,CANTALOUPE INC,Financials,Equity
BALY,BALLY S CORP,Consumer Discretionary,Equity
BSRR,SIERRA BANCORP,Financials,Equity
RMR,RMR GROUP INC CLASS A,Real Estate,Equity
LYTS,LSI INDUSTRIES INC,Industrials,Equity
EYPT,EYEPOINT PHARMACEUTICALS INC,Health Care,Equity
CLDT,CHATHAM LODGING TRUST REIT,Real Estate,Equity
ESQ,ESQUIRE FINANCIAL HOLDINGS INC,Financials,Equity
BAND,BANDWIDTH INC CLASS A,Communication,Equity
ML,MONEYLION INC CLASS A,Financials,Equity
QTRX,QUANTERIX CORP,Health Care,Equity
ALRS,ALERUS FINANCIAL CORP,Financials,Equity
DMRC,DIGIMARC CORP,Information Technology,Equity
FISI,FINANCIAL INSTITUTIONS INC,Financials,Equity
AEHR,AEHR TEST SYSTEMS,Information Technology,Equity
MITK,MITEK SYSTEMS INC,Information Technology,Equity
WGS,GENEDX HOLDINGS CORP CLASS A,Health Care,Equity
ITOS,ITEOS THERAPEUTICS INC,Health Care,Equity
HCAT,HEALTH CATALYST INC,Health Care,Equity
PLSE,PULSE BIOSCIENCES INC,Health Care,Equity
CWCO,CONSOLIDATED WATER LTD,Utilities,Equity
NPK,NATIONAL PRESTO INDUSTRIES INC,Industrials,Equity
TTI,TETRA TECHNOLOGIES INC,Energy,Equity
HIFS,HINGHAM INSTITUTION FOR SAVINGS,Financials,Equity
RUSHB,RUSH ENTERPRISES INC CLASS B,Industrials,Equity
CERS,CERUS CORP,Health Care,Equity
RICK,RCI HOSPITALITY HOLDINGS INC,Consumer Discretionary,Equity
NNOX,NANO X IMAGING LTD,Health Care,Equity
TRDA,ENTRADA THERAPEUTICS INC,Health Care,Equity
APLD,APPLIED DIGITAL CORP,Information Technology,Equity
CVGW,CALAVO GROWERS INC,Consumer Staples,Equity
NVTS,NAVITAS SEMICONDUCTOR CORP,Information Technology,Equity
RDUS,RADIUS RECYCLING INC CLASS A,Materials,Equity
TERN,TERNS PHARMACEUTICALS INC,Health Care,Equity
CYRX,CRYOPORT INC,Health Care,Equity
KRUS,KURA SUSHI USA INC,Consumer Discretionary,Equity
ENFN,ENFUSION INC CLASS A,Information Technology,Equity
NWPX,NORTHWEST PIPE,Industrials,Equity
SNCY,SUN COUNTRY AIRLINES HOLDINGS INC,Industrials,Equity
ADV,ADVANTAGE SOLUTIONS INC CLASS A,Communication,Equity
KRNY,KEARNY FINANCIAL CORP,Financials,Equity
FUBO,FUBOTV INC,Communication,Equity
OABI,OMNIAB INC,Health Care,Equity
RGP,RESOURCES CONNECTION INC,Industrials,Equity
TWI,TITAN INTERNATIONAL INC,Industrials,Equity
MEI,METHODE ELECTRONICS INC,Information Technology,Equity
FFIC,FLUSHING FINANCIAL CORP,Financials,Equity
ACRE,ARES COMMERCIAL REAL ESTATE REIT C,Financials,Equity
PFIS,PEOPLES FINANCIAL SERVICES CORP,Financials,Equity
HIPO,HIPPO HOLDINGS INC,Financials,Equity
NRIM,NORTHRIM BANCORP INC,Financials,Equity
CARE,CARTER BANKSHARES INC,Financials,Equity
HG,HAMILTON INSURANCE GROUP LTD CLASS,Financials,Equity
GTN,GRAY TELEVISION INC,Communication,Equity
ESPR,ESPERION THERAPEUTICS INC,Health Care,Equity
PL,PLANET LABS CLASS A,Industrials,Equity
CCSI,CONSENSUS CLOUD SOLUTIONS INC,Information Technology,Equity
HRTG,HERITAGE INSURANCE HOLDINGS INC,Financials,Equity
MOV,MOVADO GROUP INC,Consumer Discretionary,Equity
ANIK,ANIKA THERAPEUTICS INC,Health Care,Equity
TSHA,TAYSHA GENE THERAPIES INC,Health Care,Equity
GLRE,GREENLIGHT CAPITAL LTD CLASS A,Financials,Equity
DCGO,DOCGO INC,Health Care,Equity
PAHC,PHIBRO ANIMAL HEALTH CORP CLASS A,Health Care,Equity
SRI,STONERIDGE INC,Consumer Discretionary,Equity
EVGO,EVGO INC CLASS A,Consumer Discretionary,Equity
NGNE,NEUROGENE INC,Health Care,Equity
BYND,BEYOND MEAT INC,Consumer Staples,Equity
CRMT,AMERICAS CAR MART INC,Consumer Discretionary,Equity
PX,P10 INC CLASS A,Financials,Equity
MSFUT,CASH COLLATERAL MSFUT USD,Cash and/or Derivatives,Cash Collateral and Margins
CELC,CELCUITY INC,Health Care,Equity
XERS,XERIS BIOPHARMA HOLDINGS INC,Health Care,Equity
NVEC,NVE CORP,Information Technology,Equity
FRPH,FRP HOLDINGS INC,Real Estate,Equity
DSGR,DISTRIBUTION SOLUTIONS GROUP INC,Industrials,Equity
HDSN,HUDSON TECHNOLOGIES INC,Industrials,Equity
LOCO,EL POLLO LOCO INC,Consumer Discretionary,Equity
GTHX,G1 THERAPEUTICS INC,Health Care,Equity
CNSL,CONSOLIDATED COMMUNICATIONS HOLDIN,Communication,Equity
FNA,PARAGON INC,Health Care,Equity
FBIZ,FIRST BUSINESS FINANCIAL SERVICES,Financials,Equity
CLMB,CLIMB GLOBAL SOLUTIONS INC,Information Technology,Equity
NAPA,DUCKHORN PORTFOLIO INC,Consumer Staples,Equity
AURA,AURA BIOSCIENCES INC,Health Care,Equity
BBW,BUILD A BEAR WORKSHOP INC,Consumer Discretionary,Equity
CCCC,C4 THERAPEUTICS INC,Health Care,Equity
EE,EXCELERATE ENERGY INC CLASS A,Energy,Equity
FFWM,FIRST FOUNDATION INC,Financials,Equity
ITIC,INVESTORS TITLE,Financials,Equity
XPER,XPERI INC,Information Technology,Equity
TRC,TEJON RANCH,Real Estate,Equity
LMNR,LIMONEIRA,Consumer Staples,Equity
MCS,THE MARCUS CORP,Communication,Equity
BMRC,BANK OF MARIN BANCORP,Financials,Equity
TH,TARGET HOSPITALITY CORP,Consumer Discretionary,Equity
CWBC,COMMUNITY WEST BANCSHARES,Financials,Equity
MTW,MANITOWOC INC,Industrials,Equity
IBTA,IBOTTA INC CLASS A,Communication,Equity
UIS,UNISYS CORP,Information Technology,Equity
IRMD,IRADIMED CORP,Health Care,Equity
HNST,THE HONEST COMPANY INC,Consumer Staples,Equity
FATE,FATE THERAPEUTICS INC,Health Care,Equity
ABSI,ABSCI CORP,Health Care,Equity
IMMR,IMMERSION CORP,Information Technology,Equity
OUST,OUSTER INC CLASS A,Information Technology,Equity
CMP,COMPASS MINERALS INTERNATIONAL INC,Materials,Equity
BOC,BOSTON OMAHA CORP CLASS A,Communication,Equity
OCGN,OCUGEN INC,Health Care,Equity
LILA,LIBERTY LATIN AMERICA LTD CLASS A,Communication,Equity
AMSWA,AMERICAN SOFTWARE INC CLASS A,Information Technology,Equity
FMAO,FARMERS AND MERCHANTS BANCORP INC,Financials,Equity
BTBT,BIT DIGITAL INC,Information Technology,Equity
ACNB,ACNB CORP,Financials,Equity
CRGX,CARGO THERAPEUTICS INC,Health Care,Equity
APPS,DIGITAL TURBINE INC,Information Technology,Equity
LOVE,LOVESAC COMPANY,Consumer Discretionary,Equity
FRBA,FIRST BANK,Financials,Equity
LWLG,LIGHTWAVE LOGIC INC,Information Technology,Equity
EDIT,EDITAS MEDICINE INC,Health Care,Equity
SB,SAFE BULKERS INC,Industrials,Equity
GRNT,GRANITE RIDGE RESOURCES INC,Energy,Equity
MCFT,MASTERCRAFT BOAT HOLDINGS INC,Consumer Discretionary,Equity
SEZL,SEZZLE INC,Financials,Equity
LRMR,LARIMAR THERAPEUTICS INC,Health Care,Equity
GETY,GETTY IMAGES HOLDINGS INC CLASS A,Communication,Equity
STRO,SUTRO BIOPHARMA INC,Health Care,Equity
HBCP,HOME BANCORP INC,Financials,Equity
USAP,UNIVERSAL STAINLESS AND ALLOY PROD,Materials,Equity
DBI,DESIGNER BRANDS INC CLASS A,Consumer Discretionary,Equity
NEWT,NEWTEKONE INC,Financials,Equity
METCV,RAMACO RESOURCES INC CLASS A,Materials,Equity
TBPH,THERAVANCE BIOPHARMA INC,Health Care,Equity
VERV,VERVE THERAPEUTICS INC,Health Care,Equity
AAN,AARONS COMPANY INC,Consumer Discretionary,Equity
LINC,LINCOLN EDUCATIONAL SERVICES CORP,Consumer Discretionary,Equity
REPX,RILEY EXPLORATION PERMIAN INC,Energy,Equity
OIS,OIL STATES INTERNATIONAL INC,Energy,Equity
VPG,VISHAY PRECISION GROUP INC,Information Technology,Equity
XPOF,XPONENTIAL FITNESS INC CLASS A,Consumer Discretionary,Equity
GCO,GENESCO INC,Consumer Discretionary,Equity
AMCX,AMC NETWORKS CLASS A INC,Communication,Equity
HBT,HBT FINANCIAL INC,Financials,Equity
DDD,3D SYSTEMS CORP,Industrials,Equity
PPTA,PERPETUA RESOURCES CORP,Materials,Equity
AAOI,APPLIED OPTOELECTRONICS INC,Information Technology,Equity
AQST,AQUESTIVE THERAPEUTICS INC,Health Care,Equity
SFIX,STITCH FIX INC CLASS A,Consumer Discretionary,Equity
GRPN,GROUPON INC,Consumer Discretionary,Equity
TRML,TOURMALINE BIO INC,Health Care,Equity
LAZR,LUMINAR TECHNOLOGIES INC CLASS A,Consumer Discretionary,Equity
ODC,OIL DRI CORPORATION OF AMERICA,Consumer Staples,Equity
WTBA,WEST BANCORPORATION INC,Financials,Equity
SOI,SOLARIS OILFIELD INFRASTRUCTURE IN,Energy,Equity
SMRT,SMARTRENT INC CLASS A,Information Technology,Equity
FLIC,FIRST OF LONG ISLAND CORP,Financials,Equity
TCMD,TACTILE SYSTEMS TECHNOLOGY INC,Health Care,Equity
AKBA,AKEBIA THERAPEUTICS INC,Health Care,Equity
SAVE,SPIRIT AIRLINES INC,Industrials,Equity
AVNW,AVIAT NETWORKS INC,Information Technology,Equity
BVS,BIOVENTUS CLASS A INC,Health Care,Equity
BWMN,BOWMAN CONSULTING GROUP LTD,Industrials,Equity
PACK,RANPAK HOLDINGS CORP CLASS A,Materials,Equity
SEAT,VIVID SEATS INC CLASS A,Communication,Equity
OSUR,ORASURE TECHNOLOGIES INC,Health Care,Equity
ACCD,ACCOLADE INC,Health Care,Equity
DENN,DENNYS CORP,Consumer Discretionary,Equity
GEFB,GREIF INC CLASS B,Materials,Equity
SENEA,SENECA FOODS CORP CLASS A,Consumer Staples,Equity
NRC,NATIONAL RESEARCH CORP,Health Care,Equity
VYGR,VOYAGER THERAPEUTICS INC,Health Care,Equity
CRSR,CORSAIR GAMING INC,Information Technology,Equity
ERAS,ERASCA INC,Health Care,Equity
FNKO,FUNKO INC CLASS A,Consumer Discretionary,Equity
KODK,EASTMAN KODAK,Information Technology,Equity
ALNT,ALLIENT INC,Industrials,Equity
ILPT,INDUSTRIAL LOGISTICS PROPERTIES TR,Real Estate,Equity
GHM,GRAHAM CORP,Industrials,Equity
ACIC,AMERICAN COASTAL INSURANCE CORP,Financials,Equity
GRND,GRINDR INC,Communication,Equity
OBT,ORANGE COUNTY BANCORP INC,Financials,Equity
CZNC,CITIZENS AND NORTHERN CORP,Financials,Equity
RDVT,RED VIOLET INC,Information Technology,Equity
VNDA,VANDA PHARMACEUTICALS INC,Health Care,Equity
AMPY,AMPLIFY ENERGY CORP,Energy,Equity
INGN,INOGEN INC,Health Care,Equity
MNTK,MONTAUK RENEWABLES INC,Utilities,Equity
TCBX,THIRD COAST BANCSHARES INC,Financials,Equity
ZVRA,ZEVRA THERAPEUTICS INC,Health Care,Equity
SLRN,ACELYRIN INC,Health Care,Equity
EBTC,ENTERPRISE BANCORP INC,Financials,Equity
INBK,FIRST INTERNET BANCORP,Financials,Equity
NECB,NORTHEAST COMMUNITY BANCORP INC,Financials,Equity
WEST,WESTROCK COFFEE,Consumer Staples,Equity
LXFR,LUXFER HOLDINGS PLC,Industrials,Equity
TMCI,TREACE MEDICAL CONCEPTS INC,Health Care,Equity
WLFC,WILLIS LEASE FINANCE CORP,Industrials,Equity
LENZ,LENZ THERAPEUTICS INC,Health Care,Equity
AVIR,ATEA PHARMACEUTICALS INC,Health Care,Equity
GNTY,GUARANTY BANCSHARES INC,Financials,Equity
MODV,MODIVCARE INC,Health Care,Equity
URG,UR ENERGY INC,Energy,Equity
ANGO,ANGIODYNAMICS INC,Health Care,Equity
HMST,HOMESTREET INC,Financials,Equity
HYLN,HYLIION HOLDINGS CORP CLASS A,Industrials,Equity
ONEW,ONEWATER MARINE CLASS A INC,Consumer Discretionary,Equity
FSBW,FS BANCORP INC,Financials,Equity
RBBN,RIBBON COMMUNICATIONS INC,Information Technology,Equity
TITN,TITAN MACHINERY INC,Industrials,Equity
PLPC,PREFORMED LINE PRODUCTS,Industrials,Equity
DAVE,DAVE INC CLASS A,Information Technology,Equity
SPOK,SPOK HOLDINGS INC,Communication,Equity
MLYS,MINERALYS THERAPEUTICS INC,Health Care,Equity
REI,RING ENERGY INC,Energy,Equity
FARO,FARO TECHNOLOGIES INC,Information Technology,Equity
CBAN,COLONY BANKCORP INC,Financials,Equity
ULH,UNIVERSAL LOGISTICS INC,Industrials,Equity
BWB,BRIDGEWATER BANCSHARES INC,Financials,Equity
KRRO,KORRO BIO INC,Health Care,Equity
CRCT,CRICUT INC CLASS A,Consumer Discretionary,Equity
DOMO,DOMO INC CLASS B,Information Technology,Equity
CIVB,CIVISTA BANCSHARES INC,Financials,Equity
BCML,BAYCOM CORP,Financials,Equity
REAL,THE REALREAL INC,Consumer Discretionary,Equity
PSTL,POSTAL REALTY TRUST INC CLASS A,Real Estate,Equity
SMHI,SEACOR MARINE HOLDINGS INC,Energy,Equity
WOW,WIDEOPENWEST INC,Communication,Equity
WSBF,WATERSTONE FINANCIAL INC,Financials,Equity
SKYT,SKYWATER TECHNOLOGY INC,Information Technology,Equity
OLPX,OLAPLEX HOLDINGS INC,Consumer Staples,Equity
CRMD,CORMEDIX INC,Health Care,Equity
LEGH,LEGACY HOUSING CORP,Consumer Discretionary,Equity
NKTX,NKARTA INC,Health Care,Equity
ATNI,ATN INTERNATIONAL INC,Communication,Equity
ALDX,ALDEYRA THERAPEUTICS INC,Health Care,Equity
FNLC,FIRST BANCORP INC,Financials,Equity
BCAL,CALIFORNIA BANCORP,Financials,Equity
FRST,PRIMIS FINANCIAL CORP,Financials,Equity
REFI,CHICAGO ATLANTIC REAL ESTATE FINAN,Financials,Equity
SNBR,SLEEP NUMBER CORP,Consumer Discretionary,Equity
LIND,LINDBLAD EXPEDITIONS HOLDINGS INC,Consumer Discretionary,Equity
RM,REGIONAL MANAGEMENT CORP,Financials,Equity
KRO,KRONOS WORLDWIDE INC,Materials,Equity
BLZE,BACKBLAZE INC CLASS A,Information Technology,Equity
ITI,ITERIS INC,Information Technology,Equity
HEAR,TURTLE BEACH CORP,Information Technology,Equity
JRVR,JAMES RIVER GROUP HOLDINGS LTD,Financials,Equity
MAMA,MAMAS CREATIONS INC,Consumer Staples,Equity
MTRX,MATRIX SERVICE,Industrials,Equity
DGICA,DONEGAL GROUP INC CLASS A,Financials,Equity
TRUE,TRUECAR INC,Communication,Equity
SFST,SOUTHERN FIRST BANCSHARES INC,Financials,Equity
TBI,TRUEBLUE INC,Industrials,Equity
ENTA,ENANTA PHARMACEUTICALS INC,Health Care,Equity
PRME,PRIME MEDICINE INC,Health Care,Equity
UNTY,UNITY BANCORP INC,Financials,Equity
ALLO,ALLOGENE THERAPEUTICS INC,Health Care,Equity
BLFY,BLUE FOUNDRY BANCORP,Financials,Equity
PKOH,PARK OHIO HOLDINGS CORP,Industrials,Equity
FLWS,1-800 FLOWERS.COM INC CLASS A,Consumer Discretionary,Equity
CBNK,CAPITAL BANCORP INC,Financials,Equity
PKBK,PARKE BANCORP INC,Financials,Equity
PFMT,PERFORMANT FINANCIAL CORP,Health Care,Equity
INZY,INOZYME PHARMA INC,Health Care,Equity
IPI,INTREPID POTASH INC,Materials,Equity
THRD,THIRD HARMONIC BIO INC,Health Care,Equity
VLGEA,VILLAGE SUPER MARKET INC CLASS A,Consumer Staples,Equity
OMER,OMEROS CORP,Health Care,Equity
MVBF,MVB FINANCIAL CORP,Financials,Equity
MEC,MAYVILLE ENGINEERING COMPANY INC,Industrials,Equity
RCEL,AVITA MEDICAL INC,Health Care,Equity
IAUX,I GOLD CORP,Materials,Equity
RRBI,RED RIVER BANCSHARES INC,Financials,Equity
AVAH,AVEANNA HEALTHCARE HOLDINGS INC,Health Care,Equity
AVBP,ARRIVENT BIOPHARMA INC,Health Care,Equity
PCB,PCB BANCORP,Financials,Equity
VMD,VIEMED HEALTHCARE INC,Health Care,Equity
EB,EVENTBRITE CLASS A INC,Communication,Equity
NGVC,NATURAL GROCERS BY VITAMIN COTTAGE,Consumer Staples,Equity
PKE,PARK AEROSPACE CORP,Industrials,Equity
TSBK,TIMBERLAND BANCORP INC,Financials,Equity
TSVT,2SEVENTY BIO INC,Health Care,Equity
HRTX,HERON THERAPEUTICS INC,Health Care,Equity
LUNG,PULMONX CORP,Health Care,Equity
SWIM,LATHAM GROUP INC,Consumer Discretionary,Equity
QTTB,Q32 BIO INC,Health Care,Equity
APEI,AMERICAN PUBLIC EDUCATION INC,Consumer Discretionary,Equity
FORR,FORRESTER RESEARCH INC,Industrials,Equity
BOOM,DMC GLOBAL INC,Energy,Equity
SSBK,SOUTHERN STATES BANCSHARES ANNISTO,Financials,Equity
CTOS,CUSTOM TRUCK ONE SOURCE INC,Industrials,Equity
ORN,ORION GROUP INC,Industrials,Equity
WTI,W AND T OFFSHORE INC,Energy,Equity
GCBC,GREENE COUNTY BANCORP INC,Financials,Equity
FDBC,FIDELITY D AND D BANCORP INC,Financials,Equity
EVCM,EVERCOMMERCE INC,Information Technology,Equity
RIGL,RIGEL PHARMACEUTICALS INC,Health Care,Equity
JMSB,JOHN MARSHALL BANCORP INC,Financials,Equity
IRBT,IROBOT CORP,Consumer Discretionary,Equity
PLBC,PLUMAS BANCORP,Financials,Equity
AMPS,ALTUS POWER INC CLASS A,Utilities,Equity
NKTR,NEKTAR THERAPEUTICS,Health Care,Equity
SLDP,SOLID POWER INC CLASS A,Consumer Discretionary,Equity
BRT,BRT APARTMENTS CORP,Real Estate,Equity
LZM,LIFEZONE METALS LTD,Materials,Equity
CIO,CITY OFFICE REIT INC,Real Estate,Equity
CPS,COOPER STANDARD HOLDINGS INC,Consumer Discretionary,Equity
DH,DEFINITIVE HEALTHCARE CORP CLASS A,Health Care,Equity
TCRX,TSCAN THERAPEUTICS INC,Health Care,Equity
HPK,HIGHPEAK ENERGY INC,Energy,Equity
LE,LAND END INC,Consumer Discretionary,Equity
GNE,GENIE ENERGY LTD CLASS B,Utilities,Equity
PINE,ALPINE INCOME PROPERTY TRUST INC,Real Estate,Equity
NGS,NATURAL GAS SERVICES GROUP INC,Energy,Equity
PBPB,POTBELLY CORP,Consumer Discretionary,Equity
HSHP,HIMALAYA SHIPPING LTD,Industrials,Equity
TALK,TALKSPACE INC,Health Care,Equity
BARK,BARK INC,Consumer Discretionary,Equity
WOOF,PETCO HEALTH AND WELLNESS COMPANY,Consumer Discretionary,Equity
FCEL,FUELCELL ENERGY INC,Industrials,Equity
PANL,PANGAEA LOGISTICS SOLUTIONS LTD,Industrials,Equity
MED,MEDIFAST INC,Consumer Staples,Equity
NVRO,NEVRO CORP,Health Care,Equity
CTRI,CENTURI HOLDINGS INC,Industrials,Equity
TRAK,REPOSITRAK INC,Information Technology,Equity
LSEA,LANDSEA HOMES CORP,Consumer Discretionary,Equity
CZFS,CITIZENS FINANCIAL SERVICES INC,Financials,Equity
LYEL,LYELL IMMUNOPHARMA INC,Health Care,Equity
XOMA,XOMA ROYALTY CORP,Health Care,Equity
SVV,SAVERS VALUE VILLAGE INC,Consumer Discretionary,Equity
SLDB,SOLID BIOSCIENCES INC,Health Care,Equity
AIP,ARTERIS INC,Information Technology,Equity
INO,INOVIO PHARMACEUTICALS INC,Health Care,Equity
MG,MISTRAS GROUP INC,Industrials,Equity
BLNK,BLINK CHARGING,Industrials,Equity
RLGT,RADIANT LOGISTIC INC,Industrials,Equity
RCKY,ROCKY BRANDS INC,Consumer Discretionary,Equity
ONL,ORION OFFICE REIT INC,Real Estate,Equity
OOMA,OOMA INC,Information Technology,Equity
EGHT,8X8 INC,Information Technology,Equity
HBB,HAMILTON BEACH BRANDS HOLDING COMP,Consumer Discretionary,Equity
SGHT,SIGHT SCIENCES INC,Health Care,Equity
BRCC,BRC INC CLASS A,Consumer Staples,Equity
JSPR,JASPER THERAPEUTICS INC,Health Care,Equity
MGNX,MACROGENICS INC,Health Care,Equity
CHGG,CHEGG INC,Consumer Discretionary,Equity
ADCT,ADC THERAPEUTICS SA,Health Care,Equity
CMPO,COMPOSECURE INC CLASS A,Information Technology,Equity
CDXS,CODEXIS INC,Health Care,Equity
BCBP,BCB BANCORP INC,Financials,Equity
UP,WHEELS UP EXPERIENCE INC CLASS A,Industrials,Equity
BHR,BRAEMAR HOTELS RESORTS INC,Real Estate,Equity
MVIS,MICROVISION INC,Information Technology,Equity
OB,OUTBRAIN INC,Communication,Equity
PSTX,POSEIDA THERAPEUTICS INC,Health Care,Equity
CABA,CABALETTA BIO INC,Health Care,Equity
ARAY,ACCURAY INC,Health Care,Equity
ASUR,ASURE SOFTWARE INC,Industrials,Equity
RMAX,RE MAX HOLDINGS INC CLASS A,Real Estate,Equity
PDLB,PONCE FINANCIAL GROUP INC,Financials,Equity
SERA,SERA PROGNOSTICS INC CLASS A,Health Care,Equity
EAF,GRAFTECH INTERNATIONAL LTD,Industrials,Equity
ORGO,ORGANOGENESIS HOLDINGS INC CLASS A,Health Care,Equity
BDTX,BLACK DIAMOND THERAPEUTICS INC,Health Care,Equity
LXRX,LEXICON PHARMACEUTICALS INC,Health Care,Equity
EWCZ,EUROPEAN WAX CENTER INC CLASS A,Consumer Discretionary,Equity
ALCO,ALICO INC,Consumer Staples,Equity
UTMD,UTAH MEDICAL PRODUCTS INC,Health Care,Equity
INSE,INSPIRED ENTERTAINMENT INC,Consumer Discretionary,Equity
PCYO,PURE CYCLE CORP,Utilities,Equity
BWFG,BANKWELL FINANCIAL GROUP INC,Financials,Equity
NWFL,NORWOOD FINANCIAL CORP,Financials,Equity
ZNTL,ZENTALIS PHARMACEUTICALS INC,Health Care,Equity
NXDT,NEXPOINT DIVERSIFIED REAL ESTATE T,Real Estate,Equity
MITT,AG MORTGAGE INVESTMENT TRUST REIT,Financials,Equity
BYRN,BYRNA TECHNOLOGIES INC,Industrials,Equity
COFS,CHOICEONE FINANCIAL SERVICES INC,Financials,Equity
RNGR,RANGER ENERGY SERVICES INC,Energy,Equity
TCX,TUCOWS INC,Information Technology,Equity
BPRN,PRINCETON BANCORP INC,Financials,Equity
OVLY,OAK VALLEY BANCORP,Financials,Equity
ATLC,ATLANTICUS HOLDINGS CORP,Financials,Equity
GENC,GENCOR INDUSTRIES INC,Industrials,Equity
ONIT,ONITY GROUP INC,Financials,Equity
WEYS,WEYCO GROUP INC,Consumer Discretionary,Equity
CHMG,CHEMUNG FINANCIAL CORP,Financials,Equity
ONTF,ON24 INC,Information Technology,Equity
FVCB,FVCBANKCORP INC,Financials,Equity
AFCG,AFC GAMMA INC,Financials,Equity
TPIC,TPI COMPOSITES INC,Industrials,Equity
SGC,SUPERIOR GROUP OF COMPANIES INC,Consumer Discretionary,Equity
JOUT,JOHNSON OUTDOORS INC CLASS A,Consumer Discretionary,Equity
VIRC,VIRCO MANUFACTURING CORP,Industrials,Equity
JAKK,JAKKS PACIFIC INC,Consumer Discretionary,Equity
CRBU,CARIBOU BIOSCIENCES INC,Health Care,Equity
ATLO,AMES NATIONAL CORP,Financials,Equity
NKSH,NATIONAL BANKSHARES INC,Financials,Equity
MBCN,MIDDLEFIELD BANC CORP,Financials,Equity
KRT,KARAT PACKAGING INC,Industrials,Equity
NPWR,NET POWER INC CLASS A,Industrials,Equity
LFMD,LIFEMD INC,Health Care,Equity
MBI,MBIA INC,Financials,Equity
BLDE,BLADE AIR MOBILITY INC CLASS A,Industrials,Equity
ACTG,ACACIA RESEARCH CORP,Financials,Equity
MRSN,MERSANA THERAPEUTICS INC,Health Care,Equity
CHRS,COHERUS BIOSCIENCES INC,Health Care,Equity
FF,FUTUREFUEL CORP,Energy,Equity
LCNB,LCNB CORP,Financials,Equity
VEL,VELOCITY FINANCIAL INC,Financials,Equity
DSP,VIANT TECHNOLOGY INC CLASS A,Information Technology,Equity
ASLE,AERSALE CORP,Industrials,Equity
GAMB,GAMBLING COM GROUP LTD,Communication,Equity
GPRO,GOPRO INC CLASS A,Consumer Discretionary,Equity
CRDA,CRAWFORD CLASS A,Financials,Equity
STHO,STAR HOLDINGS SHARES OF BENEFICIAL,Real Estate,Equity
TNYA,TENAYA THERAPEUTICS INC,Health Care,Equity
TTSH,TILE SHOP HOLDINGS INC,Consumer Discretionary,Equity
CMCL,CALEDONIA MINING PLC,Materials,Equity
MGTX,MEIRAGTX HOLDINGS PLC,Health Care,Equity
NATH,NATHANS FAMOUS INC,Consumer Discretionary,Equity
VRA,VERA BRADLEY INC,Consumer Discretionary,Equity
MLP,MAUI LAND AND PINEAPPLE INC,Real Estate,Equity
VABK,VIRGINIA NATIONAL BANKSHARES CORP,Financials,Equity
PYXS,PYXIS ONCOLOGY INC,Health Care,Equity
MHLD,MAIDEN HOLDINGS LTD,Financials,Equity
FET,FORUM ENERGY TECHNOLOGIES INC,Energy,Equity
FSTR,LB FOSTER,Industrials,Equity
ATOS,ATOSSA THERAPEUTICS INC,Health Care,Equity
BMEA,BIOMEA FUSION INC,Health Care,Equity
NATR,NATURES SUNSHINE PRODUCTS INC,Consumer Staples,Equity
AEYE,AUDIOEYE INC,Information Technology,Equity
ALTG,ALTA EQUIPMENT GROUP INC CLASS A,Industrials,Equity
JILL,J JILL INC,Consumer Discretionary,Equity
TLS,TELOS CORPORATION CORP,Information Technology,Equity
DXLG,DESTINATION XL GROUP INC,Consumer Discretionary,Equity
BTMD,BIOTE CORP CLASS A,Health Care,Equity
FLXS,FLEXSTEEL INDUSTRIES INC,Consumer Discretionary,Equity
LAW,CS DISCO INC,Information Technology,Equity
BSVN,BANK7 CORP,Financials,Equity
IBEX,IBEX LTD,Industrials,Equity
ARQ,ARQ INC,Materials,Equity
FRGE,FORGE GLOBAL HOLDINGS INC,Financials,Equity
AOMR,ANGEL OAK MORTGAGE REIT INC,Financials,Equity
CTGO,CONTANGO ORE INC,Materials,Equity
USCB,USCB FINANCIAL HOLDINGS INC CLASS,Financials,Equity
EPM,EVOLUTION PETROLEUM CORP,Energy,Equity
CDLX,CARDLYTICS INC,Communication,Equity
RXT,RACKSPACE TECHNOLOGY INC,Information Technology,Equity
ESSA,ESSA BANCORP INC,Financials,Equity
FLL,FULL HOUSE RESORTS INC,Consumer Discretionary,Equity
PAYS,PAYSIGN INC,Financials,Equity
HOFT,HOOKER FURNISHINGS CORP,Consumer Discretionary,Equity
MYFW,FIRST WESTERN FINANCIAL INC,Financials,Equity
ACDC,PROFRAC HOLDING CLASS A CORP,Energy,Equity
SAMG,SILVERCREST ASSET MANAGEMENT GROUP,Financials,Equity
TRVI,TREVI THERAPEUTICS INC,Health Care,Equity
TG,TREDEGAR CORP,Materials,Equity
FHTX,FOGHORN THERAPEUTICS,Health Care,Equity
HNRG,HALLADOR ENERGY,Energy,Equity
OPRX,OPTIMIZERX CORP,Health Care,Equity
SPIR,SPIRE GLOBAL INC CLASS A,Industrials,Equity
PROK,PROKIDNEY CORP CLASS A,Health Care,Equity
ULCC,FRONTIER GROUP HOLDINGS INC,Industrials,Equity
SSTI,SOUNDTHINKING INC,Information Technology,Equity
AVD,AMER VANGUARD CORP,Materials,Equity
FFNW,FIRST FINANCIAL NORTHWEST INC,Financials,Equity
EGAN,EGAIN CORP,Information Technology,Equity
FSP,FRANKLIN STREET PROPERTIES REIT CO,Real Estate,Equity
MDWD,MEDIWOUND LTD,Health Care,Equity
IGMS,IGM BIOSCIENCES INC,Health Care,Equity
GLUE,MONTE ROSA THERAPEUTICS INC,Health Care,Equity
OFLX,OMEGA FLEX INC,Industrials,Equity
HLLY,HOLLEY INC,Consumer Discretionary,Equity
ACHV,ACHIEVE LIFE SCIENCES INC,Health Care,Equity
IHRT,IHEARTMEDIA INC CLASS A,Communication,Equity
CDZI,CADIZ INC,Utilities,Equity
CTV,INNOVID CORP,Communication,Equity
ISPR,ISPIRE TECHNOLOGY INC,Consumer Staples,Equity
AILE,ILEARNINGENGINES INC,Information Technology,Equity
RGCO,RGC RESOURCES INC,Utilities,Equity
PLL,PIEDMONT LITHIUM INC,Materials,Equity
PEPG,PEPGEN INC,Health Care,Equity
PGEN,PRECIGEN INC,Health Care,Equity
BBCP,CONCRETE PUMPING HOLDINGS INC,Industrials,Equity
SPCE,VIRGIN GALACTIC HOLDINGS INC SHS C,Industrials,Equity
ADVM,ADVERUM BIOTECHNOLOGIES INC,Health Care,Equity
MYPS,PLAYSTUDIOS INC CLASS A,Communication,Equity
RDW,REDWIRE CORP,Industrials,Equity
BLUE,BLUEBIRD BIO INC,Health Care,Equity
PESI,PERMA FIX ENVIRONMENTAL SERVICES I,Industrials,Equity
SCPH,SCPHARMACEUTICALS INC,Health Care,Equity
STRS,STRATUS PROPERTIES INC,Real Estate,Equity
LNZA,LANZATECH GLOBAL INC,Industrials,Equity
QUAD,QUAD GRAPHICS INC CLASS A,Industrials,Equity
RSVR,RESERVOIR MEDIA INC,Communication,Equity
SMLR,SEMLER SCIENTIFIC INC,Health Care,Equity
FREY,FREYR BATTERY INC,Industrials,Equity
GPMT,GRANITE POINT MORTGAGE TRUST INC,Financials,Equity
JYNT,JOINT CORP,Health Care,Equity
CDXC,CHROMADEX CORP,Health Care,Equity
DSGN,DESIGN THERAPEUTICS INC,Health Care,Equity
BBAI,BIGBEAR.AI HOLDINGS INC,Information Technology,Equity
TSQ,TOWNSQUARE MEDIA INC CLASS A,Communication,Equity
PMTS,CPI CARD GROUP INC,Information Technology,Equity
NREF,NEXPOINT REAL ESTATE FINANCE INC,Financials,Equity
GWRS,GLOBAL WATER RESOURCES INC,Utilities,Equity
NNBR,NN INC,Industrials,Equity
POWW,AMMO INC,Consumer Discretionary,Equity
STTK,SHATTUCK LABS INC,Health Care,Equity
RELL,RICHARDSON ELECTRONICS LTD,Information Technology,Equity
INBX,INHIBRX BIOSCIENCES INC,Health Care,Equity
III,INFORMATION SERVICES GROUP INC,Information Technology,Equity
GBIO,GENERATION BIO,Health Care,Equity
CTRN,CITI TRENDS INC,Consumer Discretionary,Equity
ESCA,ESCALADE INC,Consumer Discretionary,Equity
SSP,EW SCRIPPS CLASS A,Communication,Equity
CMT,CORE MOLDING TECHNOLOGIES INC,Materials,Equity
BH,BIGLARI HOLDINGS INCINARY CLASS B,Consumer Discretionary,Equity
CBUS,CIBUS INC,Health Care,Equity
LXEO,LEXEO THERAPEUTICS INC,Health Care,Equity
ZYXI,ZYNEX INC,Health Care,Equity
QUIK,QUICKLOGIC CORP,Information Technology,Equity
DC,DAKOTA GOLD CORP,Materials,Equity
SES,SES AI CORP CLASS A,Industrials,Equity
LCTX,LINEAGE CELL THERAPEUTICS INC,Health Care,Equity
ALTI,ALTI GLOBAL INC CLASS A,Financials,Equity
OBIO,ORCHESTRA BIOMED HOLDINGS INC,Health Care,Equity
KYTX,KYVERNA THERAPEUTICS INC,Health Care,Equity
BELFA,BEL FUSE INC CLASS A,Information Technology,Equity
BKSY,BLACKSKY TECHNOLOGY INC CLASS A,Industrials,Equity
PBFS,PIONEER BANCORP INC,Financials,Equity
SMTI,SANARA MEDTECH INC,Health Care,Equity
SMID,SMITH MIDLAND CORP,Materials,Equity
FENC,FENNEC PHARMACEUTICALS INC,Health Care,Equity
MFIN,MEDALLION FINANCIAL CORP,Financials,Equity
ISTR,INVESTAR HOLDING CORP,Financials,Equity
LUNR,INTUITIVE MACHINES INC CLASS A,Industrials,Equity
CTNM,CONTINEUM THERAPEUTICS INC CLASS A,Health Care,Equity
RGTI,RIGETTI COMPUTING INC,Information Technology,Equity
SEVN,SEVEN HILLS REALTY TRUST,Financials,Equity
ALIM,ALIMERA SCIENCES INC,Health Care,Equity
EVC,ENTRAVISION COMMUNICATIONS CORP CL,Communication,Equity
GRWG,GROWGENERATION CORP,Consumer Discretionary,Equity
VTYX,VENTYX BIOSCIENCES INC,Health Care,Equity
PEBK,PEOPLES BANCORP OF NORTH CAROLINA,Financials,Equity
CRNC,CERENCE INC,Information Technology,Equity
HFFG,HF FOODS GROUP INC,Consumer Staples,Equity
INFU,INFUSYSTEM HOLDINGS INC,Health Care,Equity
SBT,STERLING BANCORP INC,Financials,Equity
CMPX,COMPASS THERAPEUTICS,Health Care,Equity
INNV,INNOVAGE HOLDING CORP,Health Care,Equity
CLAR,CLARUS CORP,Consumer Discretionary,Equity
LFCR,LIFECORE BIOMEDICAL INC,Health Care,Equity
NODK,NI HOLDINGS INC,Financials,Equity
PBYI,PUMA BIOTECHNOLOGY INC,Health Care,Equity
CVGI,COMMERCIAL VEHICLE GROUP INC,Industrials,Equity
RILY,B RILEY FINANCIAL INC,Financials,Equity
TWIN,TWIN DISC INC,Industrials,Equity
NAUT,NAUTILUS BIOTECHNOLGY INC,Health Care,Equity
PTSI,PAM TRANSPORTATION SERVICES INC,Industrials,Equity
SKIN,BEAUTY HEALTH COMPANY CLASS A CLAS,Consumer Staples,Equity
CADL,CANDEL THERAPEUTICS INC,Health Care,Equity
VERU,VERU INC,Consumer Staples,Equity
KFS,KINGSWAY FINANCIAL SERVICES INC,Financials,Equity
HBIO,HARVARD BIOSCIENCE INC,Health Care,Equity
AGEN,AGENUS INC,Health Care,Equity
CVRX,CVRX INC,Health Care,Equity
EML,EASTERN,Industrials,Equity
MASS,908 DEVICES,Information Technology,Equity
NC,NACCO INDUSTRIES INC CLASS A,Energy,Equity
LVWR,LIVEWIRE GROUP INC,Consumer Discretionary,Equity
KLTR,KALTURA INC,Information Technology,Equity
PVBC,PROVIDENT BANCORP INC,Financials,Equity
XFOR,X4 PHARMACEUTICALS INC,Health Care,Equity
GEOS,GEOSPACE TECHNOLOGIES CORP,Energy,Equity
COOK,TRAEGER INC,Consumer Discretionary,Equity
TAYD,TAYLOR DEVICES INC,Industrials,Equity
QIPT,QUIPT HOME MEDICAL CORP,Health Care,Equity
ABOS,ACUMEN PHARMACEUTICALS INC,Health Care,Equity
CAPR,CAPRICOR THERAPEUTICS INC,Health Care,Equity
PRCH,PORCH GROUP INC,Information Technology,Equity
RGLS,REGULUS THERAPEUTICS INC,Health Care,Equity
RNAC,CARTESIAN THERAPEUTICS INC,Health Care,Equity
CURV,TORRID HOLDINGS INC,Consumer Discretionary,Equity
QSI,QUANTUM SI INC CLASS A,Health Care,Equity
XBIT,XBIOTECH INC,Health Care,Equity
AMTX,AEMETIS INC,Energy,Equity
LWAY,LIFEWAY FOODS INC,Consumer Staples,Equity
TLYS,TILLYS INC CLASS A,Consumer Discretionary,Equity
WLLAW,CHORD ENERGY EQUITY WARRANTS EXP S,Energy,Equity
TTEC,TTEC HOLDINGS INC,Industrials,Equity
SNDA,SONIDA SENIOR LIVING INC,Health Care,Equity
ASPI,ASP ISOTOPES INC,Materials,Equity
RMNI,RIMINI STREET INC,Information Technology,Equity
REKR,REKOR SYSTEMS INC,Information Technology,Equity
MOND,MONDEE HOLDINGS INC CLASS A,Consumer Discretionary,Equity
ULBI,ULTRALIFE CORP,Industrials,Equity
NRGV,ENERGY VAULT HOLDINGS INC,Industrials,Equity
LVO,LIVEONE INC,Communication,Equity
GOEV,CANOO INC CLASS A,Consumer Discretionary,Equity
ALXO,ALX ONCOLOGY HOLDINGS INC,Health Care,Equity
CRDF,CARDIFF ONCOLOGY INC,Health Care,Equity
EVI,EVI INDUSTRIES INC,Industrials,Equity
SKYE,SKYE BIOSCIENCE INC,Health Care,Equity
STXS,STEREOTAXIS INC,Health Care,Equity
QRHC,QUEST RESOURCE HOLDING CORP,Industrials,Equity
CRVO,CERVOMED INC,Health Care,Equity
MRAM,EVERSPIN TECHNOLOGIES INC,Information Technology,Equity
TUSK,MAMMOTH ENERGY SERVICES INC,Energy,Equity
SKYH,SKY HARBOUR GROUP CORP CLASS A,Industrials,Equity
DIBS,1STDIBS COM INC,Consumer Discretionary,Equity
INMB,INMUNE BIO INC,Health Care,Equity
QBTS,D WAVE QUANTUM INC,Information Technology,Equity
ANRO,ALTO NEUROSCIENCE INC,Health Care,Equity
VTSI,VIRTRA INC,Industrials,Equity
KOD,KODIAK SCIENCES INC,Health Care,Equity
PRLD,PRELUDE THERAPEUTICS INC,Health Care,Equity
EEX,EMERALD HOLDING INC,Communication,Equity
NPCE,NEUROPACE INC,Health Care,Equity
ACRV,ACRIVON THERAPEUTICS INC,Health Care,Equity
STEM,STEM INC,Industrials,Equity
LNKB,LINKBANCORP INC,Financials,Equity
NTIC,NORTHERN TECHNOLOGIES INTERNATIONA,Materials,Equity
LCUT,LIFETIME BRANDS INC,Consumer Discretionary,Equity
OPFI,OPPFI INC CLASS A,Financials,Equity
STKS,ONE GROUP HOSPITALITY INC,Consumer Discretionary,Equity
PRTH,PRIORITY TECHNOLOGY HOLDINGS INC,Financials,Equity
EP,EMPIRE PETROLEUM CORP,Energy,Equity
CPSS,CONSUMER PORTFOLIO SERVICES INC,Financials,Equity
WALD,WALDENCAST PLC CLASS A,Consumer Staples,Equity
OVID,OVID THERAPEUTICS INC,Health Care,Equity
SUNS,SUNRISE REALTY TRUST INC,Financials,Equity
MPX,MARINE PRODUCTS CORP,Consumer Discretionary,Equity
NOTE,FISCALNOTE HOLDINGS INC CLASS A,Industrials,Equity
SCLX,SCILEX HOLDING,Health Care,Equity
CRML,CRITICAL METALS OS,Materials,Equity
MAPS,WM TECHNOLOGY INC CLASS A,Information Technology,Equity
CSTE,CAESARSTONE LTD,Industrials,Equity
PNRG,PRIMEENERGY RESOURCES CORP,Energy,Equity
IPSC,CENTURY THERAPEUTICS INC,Health Care,Equity
VHI,VALHI INC,Materials,Equity
IVVD,INVIVYD INC,Health Care,Equity
NRDY,NERDY INC CLASS A,Consumer Discretionary,Equity
RAPT,RAPT THERAPEUTICS INC,Health Care,Equity
GLSI,GREENWICH LIFESCIENCES INC,Health Care,Equity
PRPL,PURPLE INNOVATION INC,Consumer Discretionary,Equity
VRCA,VERRICA PHARMACEUTICALS INC,Health Care,Equity
HQI,HIREQUEST INC,Industrials,Equity
AEVA,AEVA TECHNOLOGIES INC,Information Technology,Equity
GYRE,GYRE THERAPEUTICS INC,Health Care,Equity
ZURA,ZURA BIO LTD CLASS A,Health Care,Equity
ATNM,ACTINIUM PHARMACEUTICALS INC,Health Care,Equity
CLPR,CLIPPER REALTY INC,Real Estate,Equity
VSTM,VERASTEM INC,Health Care,Equity
OTLK,OUTLOOK THERAPEUTICS INC,Health Care,Equity
SCWO,374WATER INC,Industrials,Equity
HLVX,HILLEVAX INC,Health Care,Equity
NL,NL INDUSTRIES INC,Industrials,Equity
AKYA,AKOYA BIOSCIENCES INC,Health Care,Equity
TDUP,THREDUP INC CLASS A,Consumer Discretionary,Equity
DLHC,DLH HOLDINGS CORP,Industrials,Equity
RMBL,RUMBLEON INC CLASS B,Consumer Discretionary,Equity
HOWL,WEREWOLF THERAPEUTICS INC,Health Care,Equity
METCB,RAMACO RESOURCES INC CLASS B,Materials,Equity
AIRS,AIRSCULPT TECHNOLOGIES INC,Health Care,Equity
EVEX,EVE HOLDING INC,Industrials,Equity
CIX,COMPX INTERNATIONAL INC,Industrials,Equity
GMGI,GOLDEN MATRIX GROUP INC,Communication,Equity
LLAP,TERRAN ORBITAL CORP,Industrials,Equity
ELEV,ELEVATION ONCOLOGY INC,Health Care,Equity
VALU,VALUE LINE INC,Financials,Equity
ELYM,ELIEM THERAPEUTICS INC,Health Care,Equity
PROP,PRAIRIE OPERATING,Information Technology,Equity
WLLBW,CHORD ENERGY EQUITY WARRANTS SERIE,Energy,Equity
GOCO,GOHEALTH INC CLASS A,Financials,Equity
INH,INHIBRX INC CVR,Health Care,Equity
TCI,TRANSCONTINENTAL REALTY INVESTORS,Real Estate,Equity
ADRO,CHINOOK THERAPEUTICS INC,Health Care,Equity
GALT,GALECTIN THERAPEUTICS INC,Health Care,Equity
AVTE,AEROVATE THERAPEUTICS INC,Health Care,Equity
SST,SYSTEM1 INC CLASS A,Communication,Equity
RENB,RENOVARO INC,Health Care,Equity
FBLG,FIBROBIOLOGICS INC,Health Care,Equity
GCTS,GCT SEMICONDUCTOR HOLDING INC,Information Technology,Equity
SWKH,SWK HOLDINGS CORP,Financials,Equity
LYRA,LYRA THERAPEUTICS INC,Health Care,Equity
MKTW,MARKETWISE INC CLASS A,Financials,Equity
DTC,SOLO BRANDS INC CLASS A,Consumer Discretionary,Equity
STRW,STRAWBERRY FIELDS REIT INC,Real Estate,Equity
BOLD,BOUNDLESS BIO INC,Health Care,Equity
AISP,AIRSHIP AI HOLDINGS INC CLASS A,Information Technology,Equity
UHG,UNITED HOMES INC CLASS A,Consumer Discretionary,Equity
ARL,AMERICAN REALTY INVESTORS INC,Real Estate,Equity
AFRI,FORAFRIC GLOBAL PLC,Consumer Staples,Equity
RDZN,ROADZEN INC,Information Technology,Equity
DTI,DRILLING TOOLS INTERNATIONAL CORP,Energy,Equity
OPAD,OFFERPAD SOLUTIONS INC CLASS A,Real Estate,Equity
SLND,SOUTHLAND HOLDINGS INC,Industrials,Equity
MGX,METAGENOMI INC,Health Care,Equity
VCSA,VACASA INC CLASS A,Consumer Discretionary,Equity
GUTS,FRACTYL HEALTH INC,Health Care,Equity
VGAS,VERDE CLEAN FUELS INC CLASS A,Energy,Equity
AMPX,AMPRIUS TECHNOLOGIES INC,Industrials,Equity
ADRO,CHINOOK THERAPEUTICS INC CVR,Health Care,Equity
GTXI,GTXI INC - CVR,Health Care,Equity
PDLI,PDL BIOPHARMA INC,Health Care,Equity
P5N994,Petrocorp Inc Escrow,Energy,Equity